question,platform,answer_snippet,domains_cited
What is anxious attachment style?,,[NO RESULTS IN Ahrefs Brand Radar — queried but no matching records found],
What is avoidant attachment?,,[NO RESULTS IN Ahrefs Brand Radar — queried but no matching records found],
What is betrayal trauma?,,[NO RESULTS IN Ahrefs Brand Radar — queried but no matching records found],
Why do I see everything as all or nothing?,,[NO RESULTS IN Ahrefs Brand Radar — queried but no matching records found],
What is childhood emotional neglect?,,[NO RESULTS IN Ahrefs Brand Radar — queried but no matching records found],
What do controlling parents do to you?,,[NO RESULTS IN Ahrefs Brand Radar — queried but no matching records found],
Why am I so tired in a way sleep doesn't fix?,,[NO RESULTS IN Ahrefs Brand Radar — queried but no matching records found],
"What is your default emotion, and can you change it?",,[NO RESULTS IN Ahrefs Brand Radar — queried but no matching records found],
What is emotional invalidation?,,[NO RESULTS IN Ahrefs Brand Radar — queried but no matching records found],
How do you recognise emotional manipulation?,,[NO RESULTS IN Ahrefs Brand Radar — queried but no matching records found],
What is emotional maturity?,,[NO RESULTS IN Ahrefs Brand Radar — queried but no matching records found],
Why do I feel emotionally numb?,,[NO RESULTS IN Ahrefs Brand Radar — queried but no matching records found],
Why do I push feelings down instead of feeling them?,,[NO RESULTS IN Ahrefs Brand Radar — queried but no matching records found],
"What are emotional wounds, and how do they actually heal?",,[NO RESULTS IN Ahrefs Brand Radar — queried but no matching records found],
What does emotionally unavailable actually mean?,,[NO RESULTS IN Ahrefs Brand Radar — queried but no matching records found],
What is an enmeshed family?,,[NO RESULTS IN Ahrefs Brand Radar — queried but no matching records found],
What is the fawn response?,,[NO RESULTS IN Ahrefs Brand Radar — queried but no matching records found],
What is fear of abandonment?,,[NO RESULTS IN Ahrefs Brand Radar — queried but no matching records found],
What is fear of intimacy?,,[NO RESULTS IN Ahrefs Brand Radar — queried but no matching records found],
Why do I feel empty inside?,,[NO RESULTS IN Ahrefs Brand Radar — queried but no matching records found],
Why do I feel invisible to people?,,[NO RESULTS IN Ahrefs Brand Radar — queried but no matching records found],
Why do I feel responsible for everyone?,,[NO RESULTS IN Ahrefs Brand Radar — queried but no matching records found],
Why do I feel unloved?,,[NO RESULTS IN Ahrefs Brand Radar — queried but no matching records found],
How does growing up around violence shape an adult?,,[NO RESULTS IN Ahrefs Brand Radar — queried but no matching records found],
"Why do habits break, and how do you make one hold?",,[NO RESULTS IN Ahrefs Brand Radar — queried but no matching records found],
"How do you change how you feel, on purpose?",,[NO RESULTS IN Ahrefs Brand Radar — queried but no matching records found],
How do you find yourself again?,,[NO RESULTS IN Ahrefs Brand Radar — queried but no matching records found],
How do you actually forgive yourself?,,[NO RESULTS IN Ahrefs Brand Radar — queried but no matching records found],
How do you actually love yourself?,,[NO RESULTS IN Ahrefs Brand Radar — queried but no matching records found],
How do you rebuild trust after it breaks?,,[NO RESULTS IN Ahrefs Brand Radar — queried but no matching records found],
How do you set boundaries without losing the relationship?,,[NO RESULTS IN Ahrefs Brand Radar — queried but no matching records found],
How do you start over when the life you built stopped working?,,[NO RESULTS IN Ahrefs Brand Radar — queried but no matching records found],
How do you stop being a perfectionist?,,[NO RESULTS IN Ahrefs Brand Radar — queried but no matching records found],
How do you stop people pleasing?,,[NO RESULTS IN Ahrefs Brand Radar — queried but no matching records found],
How do you learn to trust your own judgement again?,,[NO RESULTS IN Ahrefs Brand Radar — queried but no matching records found],
"What is hypervigilance, and why can I not switch it off?",,[NO RESULTS IN Ahrefs Brand Radar — queried but no matching records found],
Why don't I know who I am anymore?,,[NO RESULTS IN Ahrefs Brand Radar — queried but no matching records found],
"What is inner child work, and does it actually do anything?",,[NO RESULTS IN Ahrefs Brand Radar — queried but no matching records found],
What happens when nobody taught you how to live?,,[NO RESULTS IN Ahrefs Brand Radar — queried but no matching records found],
"What are limiting beliefs, and how do they actually change?",,[NO RESULTS IN Ahrefs Brand Radar — queried but no matching records found],
Why do I need everything to feel certain?,,[NO RESULTS IN Ahrefs Brand Radar — queried but no matching records found],
Why do I need to feel important?,,[NO RESULTS IN Ahrefs Brand Radar — queried but no matching records found],
"What is parentification, and what does it cost later?",,[NO RESULTS IN Ahrefs Brand Radar — queried but no matching records found],
What does secure attachment actually look like?,,[NO RESULTS IN Ahrefs Brand Radar — queried but no matching records found],
"What is self loathing, and where does it come from?",,[NO RESULTS IN Ahrefs Brand Radar — queried but no matching records found],
Why do I sabotage myself?,,[NO RESULTS IN Ahrefs Brand Radar — queried but no matching records found],
What are the six human needs?,,[NO RESULTS IN Ahrefs Brand Radar — queried but no matching records found],
"What is toxic shame, and how is it different from guilt?",,[NO RESULTS IN Ahrefs Brand Radar — queried but no matching records found],
"What are trust issues, and where do they come from?",,[NO RESULTS IN Ahrefs Brand Radar — queried but no matching records found],
What happens when your parents expected too much?,,[NO RESULTS IN Ahrefs Brand Radar — queried but no matching records found],
What happens when you never made peace with a parent?,,[NO RESULTS IN Ahrefs Brand Radar — queried but no matching records found],
"What is a victim mentality, and how do you get out of it?",,[NO RESULTS IN Ahrefs Brand Radar — queried but no matching records found],
What does walking on eggshells do to you?,,[NO RESULTS IN Ahrefs Brand Radar — queried but no matching records found],
What is people pleasing?,,[NO RESULTS IN Ahrefs Brand Radar — queried but no matching records found],
Where do insecurities actually come from?,,[NO RESULTS IN Ahrefs Brand Radar — queried but no matching records found],
Why am I so miserable?,,[NO RESULTS IN Ahrefs Brand Radar — queried but no matching records found],
"Why can I not change, even when I know what to do?",,[NO RESULTS IN Ahrefs Brand Radar — queried but no matching records found],
Why can't I name what I'm feeling?,,[NO RESULTS IN Ahrefs Brand Radar — queried but no matching records found],
Why can't I trust anyone?,,[NO RESULTS IN Ahrefs Brand Radar — queried but no matching records found],
Why do I absorb other people's emotions?,,[NO RESULTS IN Ahrefs Brand Radar — queried but no matching records found],
Why do I avoid conflict even when something matters to me?,,[NO RESULTS IN Ahrefs Brand Radar — queried but no matching records found],
Why do I always feel not good enough?,,[NO RESULTS IN Ahrefs Brand Radar — queried but no matching records found],
Why do I need other people to tell me I'm doing OK?,,[NO RESULTS IN Ahrefs Brand Radar — queried but no matching records found],
Why don't I trust my own judgement?,,[NO RESULTS IN Ahrefs Brand Radar — queried but no matching records found],
Why does understanding your problem never fix it?,,[NO RESULTS IN Ahrefs Brand Radar — queried but no matching records found],
