theme,prompt,demand_signal
attachment,reddit.com,cited_117_times|DR:95.0
attachment,en.wikipedia.org,cited_82_times|DR:97.0
attachment,engineerfix.com,cited_41_times|DR:56.0
attachment,pubmed.ncbi.nlm.nih.gov,cited_31_times|DR:95.0
attachment,osha.gov,cited_31_times|DR:91.0
attachment,merriam-webster.com,cited_29_times|DR:91.0
attachment,psychologytoday.com,cited_23_times|DR:93.0
attachment,healthychildren.org,cited_17_times|DR:89.0
attachment,lifting.com,cited_17_times|DR:48.0
attachment,pmc.ncbi.nlm.nih.gov,cited_16_times|DR:95.0
attachment,thisoldhouse.com,cited_16_times|DR:86.0
attachment,homedepot.com,cited_15_times|DR:90.0
attachment,wired.com,cited_15_times|DR:92.0
attachment,ccohs.ca,cited_15_times|DR:83.0
attachment,travelandleisure.com,cited_14_times|DR:89.0
attachment,apnews.com,cited_14_times|DR:92.0
attachment,dictionary.cambridge.org,cited_13_times|DR:92.0
attachment,sciencedirect.com,cited_13_times|DR:94.0
attachment,consumerreports.org,cited_13_times|DR:90.0
attachment,parents.com,cited_13_times|DR:87.0
attachment,support.apple.com,cited_13_times|DR:97.0
attachment,tomsguide.com,cited_12_times|DR:87.0
attachment,my.clevelandclinic.org,cited_12_times|DR:92.0
attachment,dictionary.apa.org,cited_12_times|DR:92.0
attachment,caranddriver.com,cited_12_times|DR:86.0
shame_and_self_worth,directory.goodonyou.eco,cited_353_times|DR:79.0
shame_and_self_worth,en.wikipedia.org,cited_135_times|DR:97.0
shame_and_self_worth,reddit.com,cited_92_times|DR:95.0
shame_and_self_worth,supersummary.com,cited_59_times|DR:65.0
shame_and_self_worth,goodreads.com,cited_43_times|DR:92.0
shame_and_self_worth,shortform.com,cited_43_times|DR:72.0
shame_and_self_worth,blinkist.com,cited_41_times|DR:76.0
shame_and_self_worth,goodonyou.eco,cited_38_times|DR:79.0
shame_and_self_worth,trustpilot.com,cited_31_times|DR:94.0
shame_and_self_worth,books.google.com,cited_31_times|DR:99.0
shame_and_self_worth,apartstyle.com,cited_26_times|DR:26.0
shame_and_self_worth,dictionary.cambridge.org,cited_22_times|DR:92.0
shame_and_self_worth,penguinrandomhouse.com,cited_21_times|DR:91.0
shame_and_self_worth,ginatricot.com,cited_19_times|DR:63.0
shame_and_self_worth,theguardian.com,cited_18_times|DR:93.0
shame_and_self_worth,us.princesspolly.com,cited_17_times|DR:71.0
shame_and_self_worth,bookbase.app,cited_16_times|DR:26.0
shame_and_self_worth,merriam-webster.com,cited_16_times|DR:91.0
shame_and_self_worth,editorsreads.com,cited_15_times|DR:0.1
shame_and_self_worth,litcharts.com,cited_15_times|DR:72.0
shame_and_self_worth,imdb.com,cited_14_times|DR:94.0
shame_and_self_worth,fizzread.ai,cited_14_times|DR:26.0
shame_and_self_worth,pitchfork.com,cited_13_times|DR:86.0
shame_and_self_worth,sustainabilitytracker.com,cited_12_times|DR:44.0
shame_and_self_worth,psychologytoday.com,cited_12_times|DR:93.0
boundaries_and_people_pleasing,en.wikipedia.org,cited_109_times|DR:97.0
boundaries_and_people_pleasing,reddit.com,cited_93_times|DR:95.0
boundaries_and_people_pleasing,psychologytoday.com,cited_86_times|DR:93.0
boundaries_and_people_pleasing,shortform.com,cited_62_times|DR:72.0
boundaries_and_people_pleasing,goodreads.com,cited_60_times|DR:92.0
boundaries_and_people_pleasing,dictionary.cambridge.org,cited_46_times|DR:92.0
boundaries_and_people_pleasing,books.google.com,cited_42_times|DR:99.0
boundaries_and_people_pleasing,health.clevelandclinic.org,cited_40_times|DR:92.0
boundaries_and_people_pleasing,supersummary.com,cited_39_times|DR:65.0
boundaries_and_people_pleasing,merriam-webster.com,cited_38_times|DR:91.0
boundaries_and_people_pleasing,blinkist.com,cited_35_times|DR:76.0
boundaries_and_people_pleasing,medicalnewstoday.com,cited_35_times|DR:91.0
boundaries_and_people_pleasing,sumizeit.com,cited_32_times|DR:49.0
boundaries_and_people_pleasing,verywellmind.com,cited_28_times|DR:90.0
boundaries_and_people_pleasing,healthline.com,cited_26_times|DR:92.0
boundaries_and_people_pleasing,theguardian.com,cited_25_times|DR:93.0
boundaries_and_people_pleasing,penguinrandomhouse.com,cited_24_times|DR:91.0
boundaries_and_people_pleasing,pubmed.ncbi.nlm.nih.gov,cited_22_times|DR:95.0
boundaries_and_people_pleasing,melrobbins.com,cited_19_times|DR:75.0
boundaries_and_people_pleasing,kirkusreviews.com,cited_18_times|DR:86.0
boundaries_and_people_pleasing,sobrief.com,cited_17_times|DR:53.0
boundaries_and_people_pleasing,dictionary.com,cited_15_times|DR:90.0
boundaries_and_people_pleasing,astrology.com,cited_15_times|DR:73.0
boundaries_and_people_pleasing,pmc.ncbi.nlm.nih.gov,cited_13_times|DR:95.0
boundaries_and_people_pleasing,dictionary.apa.org,cited_13_times|DR:92.0
family_and_childhood_patterns,psychologytoday.com,cited_17_times|DR:93.0
family_and_childhood_patterns,healthline.com,cited_8_times|DR:92.0
family_and_childhood_patterns,en.wikipedia.org,cited_8_times|DR:97.0
family_and_childhood_patterns,acronymsandslang.com,cited_8_times|DR:34.0
family_and_childhood_patterns,reddit.com,cited_7_times|DR:95.0
family_and_childhood_patterns,psychcentral.com,cited_7_times|DR:87.0
family_and_childhood_patterns,goodreads.com,cited_6_times|DR:92.0
family_and_childhood_patterns,abbreviations.com,cited_6_times|DR:69.0
family_and_childhood_patterns,health.clevelandclinic.org,cited_5_times|DR:92.0
family_and_childhood_patterns,pubmed.ncbi.nlm.nih.gov,cited_4_times|DR:95.0
family_and_childhood_patterns,medicalnewstoday.com,cited_4_times|DR:91.0
family_and_childhood_patterns,dictionary.cambridge.org,cited_4_times|DR:92.0
family_and_childhood_patterns,pmc.ncbi.nlm.nih.gov,cited_3_times|DR:95.0
family_and_childhood_patterns,sciencedirect.com,cited_3_times|DR:94.0
family_and_childhood_patterns,shortform.com,cited_3_times|DR:72.0
family_and_childhood_patterns,wargamer.com,cited_3_times|DR:65.0
family_and_childhood_patterns,bbts.org.uk,cited_3_times|DR:41.0
family_and_childhood_patterns,acog.org,cited_3_times|DR:88.0
family_and_childhood_patterns,verywellmind.com,cited_2_times|DR:90.0
family_and_childhood_patterns,en.wiktionary.org,cited_2_times|DR:91.0
family_and_childhood_patterns,ncbi.nlm.nih.gov,cited_2_times|DR:95.0
family_and_childhood_patterns,books.google.com,cited_2_times|DR:99.0
family_and_childhood_patterns,parade.com,cited_2_times|DR:85.0
family_and_childhood_patterns,gottman.com,cited_2_times|DR:85.0
family_and_childhood_patterns,commonsensemedia.org,cited_2_times|DR:86.0
exhaustion_and_overwhelm,reddit.com,cited_2176_times|DR:95.0
exhaustion_and_overwhelm,en.wikipedia.org,cited_1121_times|DR:97.0
exhaustion_and_overwhelm,whowhatwear.com,cited_551_times|DR:84.0
exhaustion_and_overwhelm,tellar.co.uk,cited_478_times|DR:26.0
exhaustion_and_overwhelm,pubmed.ncbi.nlm.nih.gov,cited_405_times|DR:95.0
exhaustion_and_overwhelm,pmc.ncbi.nlm.nih.gov,cited_395_times|DR:95.0
exhaustion_and_overwhelm,blog.petitedressing.com,cited_374_times|DR:38.0
exhaustion_and_overwhelm,vogue.com,cited_325_times|DR:91.0
exhaustion_and_overwhelm,glamour.com,cited_282_times|DR:86.0
exhaustion_and_overwhelm,healthline.com,cited_273_times|DR:92.0
exhaustion_and_overwhelm,gamespot.com,cited_268_times|DR:85.0
exhaustion_and_overwhelm,homesandgardens.com,cited_265_times|DR:83.0
exhaustion_and_overwhelm,thespruce.com,cited_217_times|DR:90.0
exhaustion_and_overwhelm,sciencedirect.com,cited_207_times|DR:94.0
exhaustion_and_overwhelm,theguardian.com,cited_204_times|DR:93.0
exhaustion_and_overwhelm,allaboutvision.com,cited_189_times|DR:80.0
exhaustion_and_overwhelm,merriam-webster.com,cited_174_times|DR:91.0
exhaustion_and_overwhelm,outfittrends.com,cited_167_times|DR:51.0
exhaustion_and_overwhelm,fragrantica.com,cited_167_times|DR:83.0
exhaustion_and_overwhelm,instyle.com,cited_164_times|DR:85.0
exhaustion_and_overwhelm,warbyparker.com,cited_155_times|DR:82.0
exhaustion_and_overwhelm,dictionary.cambridge.org,cited_154_times|DR:92.0
exhaustion_and_overwhelm,womanandhome.com,cited_154_times|DR:76.0
exhaustion_and_overwhelm,farnelli.com,cited_148_times|DR:21.0
exhaustion_and_overwhelm,health.clevelandclinic.org,cited_147_times|DR:92.0
trust_and_betrayal,en.wikipedia.org,cited_99_times|DR:97.0
trust_and_betrayal,reddit.com,cited_67_times|DR:95.0
trust_and_betrayal,astrology.com,cited_45_times|DR:73.0
trust_and_betrayal,books.google.com,cited_24_times|DR:99.0
trust_and_betrayal,psychologytoday.com,cited_21_times|DR:93.0
trust_and_betrayal,gottman.com,cited_20_times|DR:85.0
trust_and_betrayal,pubmed.ncbi.nlm.nih.gov,cited_20_times|DR:95.0
trust_and_betrayal,supersummary.com,cited_19_times|DR:65.0
trust_and_betrayal,goodreads.com,cited_17_times|DR:92.0
trust_and_betrayal,reuters.com,cited_13_times|DR:93.0
trust_and_betrayal,people.com,cited_13_times|DR:91.0
trust_and_betrayal,verywellmind.com,cited_12_times|DR:90.0
trust_and_betrayal,legalclarity.org,cited_11_times|DR:76.0
trust_and_betrayal,numerologist.com,cited_11_times|DR:68.0
trust_and_betrayal,wired.com,cited_11_times|DR:92.0
trust_and_betrayal,techradar.com,cited_10_times|DR:91.0
trust_and_betrayal,theguardian.com,cited_10_times|DR:93.0
trust_and_betrayal,forbes.com,cited_9_times|DR:94.0
trust_and_betrayal,merriam-webster.com,cited_9_times|DR:91.0
trust_and_betrayal,dictionary.cambridge.org,cited_9_times|DR:92.0
trust_and_betrayal,kirkusreviews.com,cited_9_times|DR:86.0
trust_and_betrayal,investing.com,cited_9_times|DR:89.0
trust_and_betrayal,investors.unity.com,cited_9_times|DR:91.0
trust_and_betrayal,pmc.ncbi.nlm.nih.gov,cited_8_times|DR:95.0
trust_and_betrayal,techcrunch.com,cited_8_times|DR:92.0
change_mechanics,en.wikipedia.org,cited_61_times|DR:97.0
change_mechanics,blinkist.com,cited_59_times|DR:76.0
change_mechanics,supersummary.com,cited_59_times|DR:65.0
change_mechanics,shortform.com,cited_56_times|DR:72.0
change_mechanics,reddit.com,cited_37_times|DR:95.0
change_mechanics,books.google.com,cited_28_times|DR:99.0
change_mechanics,bookbase.app,cited_24_times|DR:26.0
change_mechanics,goodreads.com,cited_22_times|DR:92.0
change_mechanics,penguinrandomhouse.com,cited_21_times|DR:91.0
change_mechanics,sumizeit.com,cited_20_times|DR:49.0
change_mechanics,astrology.com,cited_16_times|DR:73.0
change_mechanics,merriam-webster.com,cited_13_times|DR:91.0
change_mechanics,dictionary.cambridge.org,cited_11_times|DR:92.0
change_mechanics,verywellmind.com,cited_11_times|DR:90.0
change_mechanics,fizzread.ai,cited_10_times|DR:26.0
change_mechanics,sobrief.com,cited_10_times|DR:53.0
change_mechanics,healthline.com,cited_9_times|DR:92.0
change_mechanics,sparknotes.com,cited_9_times|DR:77.0
change_mechanics,psychologytoday.com,cited_8_times|DR:93.0
change_mechanics,audible.com,cited_7_times|DR:91.0
change_mechanics,litcharts.com,cited_7_times|DR:72.0
change_mechanics,theguardian.com,cited_7_times|DR:93.0
change_mechanics,health.clevelandclinic.org,cited_7_times|DR:92.0
change_mechanics,books.apple.com,cited_6_times|DR:97.0
change_mechanics,tomoria.com,cited_6_times|DR:13.0
identity_and_direction,en.wikipedia.org,cited_484_times|DR:97.0
identity_and_direction,reddit.com,cited_256_times|DR:95.0
identity_and_direction,healthline.com,cited_215_times|DR:92.0
identity_and_direction,astrology.com,cited_157_times|DR:73.0
identity_and_direction,goodreads.com,cited_101_times|DR:92.0
identity_and_direction,supersummary.com,cited_100_times|DR:65.0
identity_and_direction,ajluxe.com,cited_80_times|DR:19.0
identity_and_direction,penguinrandomhouse.com,cited_78_times|DR:91.0
identity_and_direction,books.google.com,cited_77_times|DR:99.0
identity_and_direction,gia.edu,cited_71_times|DR:87.0
identity_and_direction,psychologytoday.com,cited_69_times|DR:93.0
identity_and_direction,verywellmind.com,cited_61_times|DR:90.0
identity_and_direction,merriam-webster.com,cited_58_times|DR:91.0
identity_and_direction,imdb.com,cited_57_times|DR:94.0
identity_and_direction,theguardian.com,cited_57_times|DR:93.0
identity_and_direction,people.com,cited_56_times|DR:91.0
identity_and_direction,blinkist.com,cited_53_times|DR:76.0
identity_and_direction,dictionary.cambridge.org,cited_50_times|DR:92.0
identity_and_direction,health.clevelandclinic.org,cited_50_times|DR:92.0
identity_and_direction,litcharts.com,cited_48_times|DR:72.0
identity_and_direction,commonsensemedia.org,cited_46_times|DR:86.0
identity_and_direction,mindbodygreen.com,cited_44_times|DR:85.0
identity_and_direction,timesofindia.indiatimes.com,cited_43_times|DR:92.0
identity_and_direction,huntertrove.com,cited_43_times|DR:1.4
identity_and_direction,pubmed.ncbi.nlm.nih.gov,cited_41_times|DR:95.0
