core,keyword,volume,difficulty,cpc,parent_topic,intent
impression management,impression management,6300,10,0.07,impression management,informational
impression management,impression management sociology,500,6,,impression management theory,informational
impression management,what is impression management,500,8,0.50,impression management,informational
impression management,impression management definition,250,8,,impression management tactics,informational
impression management,impression management mcat,250,1,0.60,impression management mcat,informational
impression management,impression management techniques,150,7,,impression management,informational
impression management,impression management theory,150,7,,impression management,informational
impression management,apa dictionary impression management definition,150,,,,informational
impression management,impression management examples,150,5,,impression management examples,informational
impression management,what is impression management in sociology,90,3,,impression management theory,informational
impression management,impression management.,80,9,,impression management,informational
impression management,what is impression management?,60,7,,impression management,informational
impression management,management impression,60,,,,informational
impression management,goffman impression management,60,20,0.08,impression management,informational
impression management,impression management psychology definition,60,9,,impression management theory,informational
impression management,strategies of impression management,60,,,,informational
impression management,impression management definition sociology,60,8,,impression management,informational
impression management,apa dictionary impression management,50,,,,
impression management,impression management strategies,50,6,,impression management strategies,informational
impression management,positive impression management,50,6,,impression management,informational
impression management,impression management meaning,50,42,,what is impression management,informational
impression management,impression management define,50,,,,
impression management,define impression management,40,4,,impression management,informational
impression management,erving goffman impression management,40,15,,impression management,informational
impression management,example of impression management,40,6,,example of impression management,informational
impression management,role taking vs impression management,40,1,,response bias mcat,informational
impression management,first impression management,40,,,,informational
impression management,a management style that made an impression,40,,,,informational
impression management,the process of impression management,40,,,,informational
impression management,examples of impression management,40,7,,example of impression management,informational
impression management,impression management definition psychology,40,,,,
impression management,negative impression management,40,,,,informational
impression management,britannica erving goffman impression management,30,,,,
impression management,erving goffman impression management theory,30,,,,informational
impression management,erving goffman impression management definition,30,,,,
impression management,impression management psychology,30,6,0.30,impression management,informational
impression management,what is the goal of impression management,30,0,,what is the goal of impression management,informational
impression management,impression management goffman,30,13,0.08,impression management theory,informational
impression management,impression management sociology definition,30,3,,impression management,informational
impression management,what is the goal of impression management?,20,0,,what is the goal of impression management,informational
impression management,hawthorne effect vs impression management,20,,,,informational
impression management,impression management erving goffman,20,15,,impression management,informational
impression management,impression management social psychology,20,,,,informational
impression management,impression management example,20,6,,example of impression management,informational
impression management,what does impression management mean,20,8,,impression management,informational
impression management,impression management vs hawthorne effect,20,,,,informational
impression management,impression management in sociology,20,7,,impression management theory,informational
impression management,impression management tactics,20,2,,impression management theory,informational
impression management,britannica impression management psychology,20,,,,
impression management,definition of impression management,20,9,,impression management,informational
impression management,impression management goffman definition,20,,,,
impression management,goffman's impression management,20,,,,informational
impression management,goffman impression management definition,20,,,,
impression management,goffman impression management theory,20,,,,
impression management,what is impression management in psychology,20,9,,impression management,informational
impression management,britannica goffman impression management,10,,,,
impression management,impression management communication,10,5,,impression management,informational
impression management,people use impression management because they,10,,,,informational
impression management,online impression management,10,,,,informational
impression management,apa dictionary impression management psychology,10,,,,informational
impression management,goffman's theory of impression management,10,,,,informational
impression management,impression management in social psychology,10,,,,informational
impression management,sociology impression management,10,7,,impression management,informational
impression management,impression management sociology examples,10,5,,impression management,informational
impression management,types of impression management,10,7,,impression management examples,informational
impression management,techniques of impression management,10,,,,informational
impression management,erving goffman impression management britannica,10,,,,
impression management,britannica impression management goffman,10,,,,
impression management,britannica impression management definition,10,,,,
impression management,apa dictionary impression management goffman,10,,,,informational
impression management,impression management wikipedia,10,,,,
impression management,negative impression management pai,10,,,,
impression management,impression management definition workplace,10,,,,
impression management,what is impression management theory,10,,,,informational
impression management,impression management definition goffman,10,,,,
impression management,impression management definition communication,10,,,,
impression management,impression management social media,10,,,,informational
impression management,impression management synonyms,10,,,,
impression management,apa impression management definition,10,,,,
impression management,theory of impression management,10,17,,what is impression management,informational
impression management,apa impression management definition psychology,10,,,,
impression management,why do people use impression management,10,3,,impression management,informational
impression management,impression management in communication,10,7,,impression management,informational
impression management,impression management social interaction,10,,,,
impression management,goffman impression management britannica,10,,,,
impression management,impression management through social referencing,10,,,,
impression management,impression management?,10,43,,impression management,informational
impression management,impression management scale,10,,,,informational
impression management,impression management in psychology,10,16,,what is impression managment,informational
impression management,impression management definition goffman 1959,10,,,,
emotional manipulation,emotional manipulation,6200,0,0.02,emotional manipulation,informational
emotional manipulation,emotional manipulation tactics,1000,35,0.02,types of manipulation,informational
emotional manipulation,what is emotional manipulation,900,4,0.02,signs of manipulation,informational
emotional manipulation,how to handle emotional manipulation,700,9,0.02,how to handle emotional manipulation,informational
emotional manipulation,list of emotional manipulation tactics,500,30,0.02,types of manipulation,informational
emotional manipulation,emotional manipulation definition,450,16,0.02,what is emotional manipulation,informational
emotional manipulation,signs of emotional manipulation,400,7,0.03,signs of emotional manipulation,informational
emotional manipulation,signs of emotional manipulation in relationships,400,12,0.02,manipulation in relationships,informational
emotional manipulation,emotional manipulation in relationships,250,10,0.03,manipulation in a relationship,informational
emotional manipulation,examples of emotional manipulation,200,28,0.02,manipulation examples,informational
emotional manipulation,emotional manipulation tactics relationships,200,,,,informational
emotional manipulation,emotional manipulation tactic nyt,200,,,,informational
emotional manipulation,types of emotional manipulation,150,27,0.03,types of manipulation,informational
emotional manipulation,what does emotional manipulation look like,100,23,,emotional manipulator,informational
emotional manipulation,define emotional manipulation,90,14,0.05,what is emotional manipulation,informational
emotional manipulation,signs of emotional manipulation relationships,90,,,,
emotional manipulation,emotional manipulation signs in relationships,90,,,,informational
emotional manipulation,forms of emotional manipulation,80,23,0.05,types of manipulation,informational
emotional manipulation,emotional manipulation examples,80,22,0.05,manipulation examples,informational
emotional manipulation,emotional manipulation signs,80,2,0.02,emotional manipulation,informational
emotional manipulation,emotional manipulation tactics in relationships,80,23,1.40,manipulation,informational
emotional manipulation,emotional manipulation meaning,80,3,0.05,what is emotional manipulation,informational
emotional manipulation,definition of emotional manipulation,80,47,1.10,what is emotional manipulation,informational
emotional manipulation,emotional manipulation signs to watch out,80,,,,informational
emotional manipulation,emotional manipulation patterns in relationships,70,,,,
emotional manipulation,signs of emotional manipulation in a relationship,70,3,0.80,manipulation in relationships,informational
emotional manipulation,how to respond to emotional manipulation,60,2,,manipulation tactics,informational
emotional manipulation,unintentional emotional manipulation,60,,0.02,,informational
emotional manipulation,narcissist emotional manipulation tactics,60,,,,informational
emotional manipulation,emotional manipulation of a child,60,0,,child manipulation by mother,informational
emotional manipulation,what is emotional manipulation in a relationship,60,,,,informational
emotional manipulation,is emotional manipulation abuse,60,25,,is manipulation a form of abuse,informational
emotional manipulation,emotional manipulation quotes,60,0,0.40,manipulation quotes,informational
emotional manipulation,how to deal with emotional manipulation,60,0,0.03,how to deal with manipulative people,informational
emotional manipulation,emotional manipulation tactics psychology,60,,,,
emotional manipulation,emotional manipulation relationships psychology,50,,,,informational
emotional manipulation,emotional manipulation in a relationship,50,6,0.03,manipulation in a relationship,informational
emotional manipulation,emotional manipulation signs relationships,50,,,,
emotional manipulation,emotional manipulation tactic,50,,,,informational
emotional manipulation,how to recognize emotional manipulation,50,,,,informational
emotional manipulation,emotional manipulation definition psychology,40,,,,
emotional manipulation,what are signs of emotional manipulation,40,,,,informational
emotional manipulation,emotional manipulation techniques,40,23,,types of manipulation,informational
emotional manipulation,emotional manipulation psychology,40,,,,
emotional manipulation,cleveland clinic emotional manipulation signs,40,,,,
emotional manipulation,emotional manipulation tactics examples,40,,,,
emotional manipulation,signs of emotional manipulation in marriage,40,,,,
emotional manipulation,emotional manipulation tactics gaslighting,40,,,,informational
emotional manipulation,emotional manipulation in relationships signs,40,,,,
emotional manipulation,emotional manipulation examples in relationships,40,,0.08,,
emotional manipulation,covert emotional manipulation,40,0,0.05,covert abuse,informational
emotional manipulation,emotional manipulation in romantic relationships,40,,,,
emotional manipulation,emotional manipulation parents,40,1,,manipulative parents,informational
emotional manipulation,emotional manipulation tactic crossword,30,,,,
emotional manipulation,signs of emotional manipulation from parents,30,1,,signs of manipulative parents,informational
emotional manipulation,emotional manipulation relationship,30,50,,emotional manipulation,informational
emotional manipulation,is manipulation emotional abuse,30,19,,is manipulation a form of abuse,informational
emotional manipulation,what does emotional manipulation mean,30,,,,informational
emotional manipulation,emotional abuse and manipulation,30,29,1.40,what is emotional abuse,informational
emotional manipulation,emotional manipulation relationship signs,30,,,,
emotional manipulation,what is emotional manipulation?,30,,,,
emotional manipulation,journeys that involve emotional manipulation,30,,,,informational
emotional manipulation,emotional manipulation in marriage,30,2,0.02,manipulation in relationships,informational
emotional manipulation,example of emotional manipulation,30,13,0.00,manipulation examples,informational
emotional manipulation,signs of emotional manipulation in friendships,30,,,,informational
emotional manipulation,emotional manipulation psychological effects,30,,,,
emotional manipulation,exposing emotional manipulation,20,,,,
emotional manipulation,subtle emotional manipulation,20,,,,informational
emotional manipulation,emotional manipulation at work,20,,,,informational
emotional manipulation,how to spot emotional manipulation,20,,0.05,,informational
emotional manipulation,emotional manipulation red flags,20,,,,informational
emotional manipulation,is emotional manipulation a form of abuse,20,,,,
emotional manipulation,what is the definition of emotional manipulation,20,,,,informational
emotional manipulation,apa emotional manipulation definition,20,,,,
emotional manipulation,emotional manipulation mother,20,0,,emotionally manipulative mother,informational
emotional manipulation,emotional manipulation tactic nyt crossword clue,20,,,,
emotional manipulation,what's emotional manipulation,20,4,,signs of manipulation,informational
emotional manipulation,emotional manipulation warning signs,20,,,,informational
emotional manipulation,emotional manipulation example,20,,,,
emotional manipulation,emotional manipulation in long-term relationships,20,,,,
emotional manipulation,emotional manipulation from parents,20,1,,signs of a manipulative mother,informational
emotional manipulation,types of emotional manipulation in relationships,20,,,,
emotional manipulation,apa emotional manipulation guilt trip,20,,,,
emotional manipulation,emotional abuse manipulation,20,34,0.02,emotional abuse,informational
emotional manipulation,what is emotional manipulation examples,20,,,,
emotional manipulation,emotional manipulation relationships,20,,,,informational
emotional manipulation,forms of emotional abuse and manipulation,20,,0.03,,informational
emotional manipulation,quotes about emotional manipulation,20,,,,
emotional manipulation,emotional manipulation illustration,20,,,,
emotional manipulation,how to identify emotional manipulation,20,,,,
emotional manipulation,parental emotional manipulation,20,0,0.03,manipulative parents,informational
emotional manipulation,emotional manipulation tactics list,20,,,,
emotional manipulation,nhs emotional abuse manipulation signs,20,,,,informational
emotional manipulation,emotional manipulation synonym,20,,,,
emotional manipulation,addressing emotional manipulation trauma training,20,,,,
emotional manipulation,silent treatment emotional manipulation,20,,,,
emotional manipulation,how to stop emotional manipulation,20,12,,how to stop emotional manipulation,informational
emotional manipulation,signs of emotional manipulation in dating,20,,,,
emotional manipulation,emotional manipulation relationship patterns,20,,,,
emotional manipulation,apa gaslighting definition emotional manipulation,20,,,,
people pleasing,people pleasing,6100,54,0.04,people pleasing,informational
people pleasing,how to stop people pleasing,1200,4,0.04,how to stop being a people pleaser,informational
people pleasing,people pleasing behavior,700,6,0.03,people pleasing,informational
people pleasing,what is people pleasing,600,10,0.03,people pleasing,informational
people pleasing,people pleasing definition,400,9,0.03,people pleasing,informational
people pleasing,stop people pleasing,300,3,0.05,how to stop being a people pleaser,"informational,commercial"
people pleasing,people pleasing worksheet,200,0,0.20,people pleasing worksheet,"informational,commercial"
people pleasing,therapy for people pleasing,200,0,7.00,therapy for people pleasing,informational
people pleasing,how to stop people-pleasing,200,,,,informational
people pleasing,people pleasing meaning,200,12,0.02,people pleaser,informational
people pleasing,people-pleasing,150,13,0.05,people pleasing,informational
people pleasing,where does people pleasing come from,150,3,0.03,where does people pleasing come from,informational
people pleasing,people pleasing memes,150,0,,people pleasing memes,informational
people pleasing,what does the bible say about people pleasing,150,1,1.50,people pleasing in the bible,informational
people pleasing,is people pleasing manipulative,150,0,,are people pleasers manipulative,informational
people pleasing,what causes people pleasing,150,12,0.03,what causes people pleasing,informational
people pleasing,signs of people pleasing,150,0,0.03,signs of a people pleaser,informational
people pleasing,people pleasing tendencies,150,27,0.04,people pleasing,informational
people pleasing,adhd and people pleasing,100,0,,adhd people pleasing,informational
people pleasing,people pleasing and trauma,100,3,,people pleasing and trauma,informational
people pleasing,people pleasing trauma response,100,3,0.20,people pleasing and trauma,informational
people pleasing,people pleasing synonym,100,0,11.00,people pleaser synonym,informational
people pleasing,adhd people pleasing,100,0,,adhd people pleasing,informational
people pleasing,examples of people pleasing,100,0,0.02,examples of people pleasing,informational
people pleasing,pleasing people,100,1,0.05,people pleasing book,"informational,commercial"
people pleasing,people pleasing quotes,100,0,0.70,people pleaser quotes,informational
people pleasing,people-pleasing psychology,90,21,0.05,people pleasing,informational
people pleasing,perfectionism and people pleasing,90,,,,
people pleasing,people pleasing trauma,80,3,0.25,people pleasing and trauma,informational
people pleasing,people pleasing psychology,80,0,0.04,people pleasing,informational
people pleasing,definition of people pleasing,80,3,,people pleaser,informational
people pleasing,people pleasing in the bible,80,0,0.02,what does the bible say about people pleasing,informational
people pleasing,what causes people pleasing behavior,80,,,,
people pleasing,why is people pleasing bad,80,5,,is being a people pleaser bad,informational
people pleasing,people pleasing worksheet pdf,70,,,,
people pleasing,is people pleasing bad,70,5,,is being a people pleaser bad,informational
people pleasing,people pleasing therapy,70,2,3.00,therapy for people pleasers,informational
people pleasing,therapist for people-pleasing,70,,,,
people pleasing,therapy for people-pleasing,60,,,,informational
people pleasing,therapist for people pleasing palm beach gardens,60,,,,
people pleasing,people pleasing examples,60,0,,examples of people pleasing,informational
people pleasing,anxiety and people pleasing new york,60,,,,informational
people pleasing,people pleasing new york,60,,,,
people pleasing,people pleasing in relationships,60,0,,dating a people pleaser,informational
people pleasing,julianne hough people-pleasing,60,,,,
people pleasing,define people pleasing,50,25,0.03,people pleasing,informational
people pleasing,books about people pleasing,50,0,0.25,books on people pleasing,"informational,commercial"
people pleasing,how to overcome people pleasing,50,1,0.05,how to stop being a people pleaser,informational
people pleasing,people pleasing disorder,50,22,,people pleasing,informational
people pleasing,people pleasing and adhd,50,,,,
people pleasing,therapy to stop people-pleasing,50,,,,
people pleasing,how to stop people pleasing behavior,50,,,,
people pleasing,is people pleasing a trauma response,50,7,,people pleasing and trauma,informational
people pleasing,therapy for people pleasing palm beach gardens,50,,,,"informational,commercial"
people pleasing,ocd and people pleasing,50,0,,people pleasing ocd,informational
people pleasing,what does people pleasing mean,50,1,0.02,people pleasing,informational
people pleasing,perfectionism and people pleasing new york,50,,,,
people pleasing,fawning vs people pleasing,40,,,,
people pleasing,people pleasing therapy davis,40,,,,"informational,commercial"
people pleasing,people pleasing ocd,40,0,0.70,people pleasing ocd,informational
people pleasing,how to stop pleasing people,40,2,,how to stop being a people pleaser,informational
people pleasing,therapy for people pleasing sacramento,40,,,,
people pleasing,people pleasing therapy elk grove,40,,,,"informational,commercial"
people pleasing,quotes about people pleasing,40,0,,people pleaser quotes,informational
people pleasing,fawn response trauma people pleasing,40,,,,
people pleasing,people pleasing behaviors,40,2,0.04,people pleasing,informational
people pleasing,people pleasing therapy sacramento,40,,,,
people pleasing,is people pleasing a form of manipulation,40,,,,
people pleasing,people pleasing therapist,40,,,,
people pleasing,ocd people pleasing,40,0,,ocd and people pleasing,informational
people pleasing,marcus aurelius people pleasing quotes,40,,,,informational
people pleasing,causes of people pleasing,40,2,,people pleasing behavior,informational
people pleasing,opposite of people pleasing,40,1,,opposite of people pleaser,informational
people pleasing,people pleasing at work,40,0,,people pleasing at work,informational
people pleasing,what is the root cause of people pleasing,40,,,,
people pleasing,people pleasing meme,40,0,,people pleasing memes,informational
people pleasing,people pleasing adhd,40,1,,adhd people pleasing,informational
people pleasing,people-pleasing examples,40,,,,
people pleasing,people pleasing therapy natomas,40,,,,
people pleasing,people pleasing therapist aid,40,,,,
people pleasing,cleveland clinic people pleasing trauma response,40,,,,
people pleasing,people pleasing therapy west sacramento,40,,,,"informational,commercial"
people pleasing,books on people pleasing,40,0,0.20,books on people pleasing,"informational,commercial"
people pleasing,stop people pleasing book,40,,,,"informational,commercial,transactional"
people pleasing,what is people pleasing behavior,30,,,,
people pleasing,therapy for people pleasing wellington,30,,,,
people pleasing,stop people pleasing and find your power,30,,,,
people pleasing,what is the root of people pleasing,30,,,,
people pleasing,no more people pleasing,30,0,,no more people pleasing,informational
people pleasing,psychology behind people pleasing,30,,,,
people pleasing,autism and people pleasing,30,0,,autism and people pleasing,informational
people pleasing,"people pleasing as a trauma response new york, ny",30,,,,"informational,commercial"
people pleasing,people pleasing test,30,,0.05,,informational
people pleasing,"people pleasing trauma response new york, ny",30,,,,"informational,commercial"
people pleasing,people pleasing manipulation,30,,,,informational
people pleasing,therapist for people pleasing long beach,30,,,,"informational,commercial,transactional"
people pleasing,what does people pleasing look like,30,0,,people pleaser,informational
people pleasing,people-pleasing trauma,30,0,1.10,people pleasing trauma response,informational
people pleasing,why people pleasing is bad,30,17,,is being a people pleaser bad,informational
people pleasing,people pleasing anxiety,30,1,0.04,people pleasing anxiety,informational
intermittent reinforcement,intermittent reinforcement,6000,0,0.05,intermittent reinforcement,informational
intermittent reinforcement,intermittent reinforcement in relationships,600,9,0.07,intermittent reinforcement in relationships,informational
intermittent reinforcement,what is intermittent reinforcement,200,10,,intermittent reinforcement,informational
intermittent reinforcement,intermittent reinforcement aba,200,0,1.70,schedules of reinforcement aba,informational
intermittent reinforcement,intermittent reinforcement psychology,200,11,,intermittent reinforcement psychology,informational
intermittent reinforcement,intermittent schedule of reinforcement,150,1,0.20,intermittent schedules of reinforcement,informational
intermittent reinforcement,intermittent reinforcement schedule,150,11,,intermittent reinforcement schedule,informational
intermittent reinforcement,apa dictionary intermittent reinforcement,150,,,,informational
intermittent reinforcement,intermittent reinforcement meaning,100,,,,
intermittent reinforcement,intermittent schedules of reinforcement are necessary to,80,0,0.07,intermittent schedules of reinforcement are necessary to,informational
intermittent reinforcement,intermittent reinforcement examples,80,14,,intermittent reinforcement in relationships,informational
intermittent reinforcement,intermittent reinforcement relationship,80,8,,intermittent reinforcement in relationships,informational
intermittent reinforcement,intermittent reinforcement relationships,80,8,,intermittent reinforcement in relationships,informational
intermittent reinforcement,intermittent schedules of reinforcement,80,2,0.20,intermittent schedules of reinforcement,informational
intermittent reinforcement,apa intermittent reinforcement relationships,60,,,,informational
intermittent reinforcement,positive intermittent reinforcement,60,20,,intermittent reinforcement,informational
intermittent reinforcement,intermittent reinforcement psychology definition,50,15,,intermittent reinforcement in relationships,informational
intermittent reinforcement,how to break intermittent reinforcement,50,,,,informational
intermittent reinforcement,why are intermittent reinforcement schedules used,50,0,,why are intermittent reinforcement schedules used,informational
intermittent reinforcement,apa intermittent reinforcement definition,50,,,,informational
intermittent reinforcement,intermittent schedule of reinforcement aba,50,,,,
intermittent reinforcement,intermittent reinforcement in dating attraction,40,,,,
intermittent reinforcement,intermittent reinforcement abuse,40,,,,informational
intermittent reinforcement,intermittent reinforcement schedules,40,6,,intermittent schedules of reinforcement,informational
intermittent reinforcement,trauma bonding intermittent reinforcement,40,,,,
intermittent reinforcement,intermittent reinforcement in toxic relationships,40,,,,
intermittent reinforcement,intermittent reinforcement in dating psychology,40,,,,informational
intermittent reinforcement,continuous vs intermittent reinforcement,30,2,,continuous vs intermittent reinforcement,informational
intermittent reinforcement,nhs trauma bond intermittent reinforcement,30,,,,
intermittent reinforcement,trauma bonding intermittent reinforcement source,30,,,,
intermittent reinforcement,intermittent reinforcement definition,30,11,,intermittent reinforcement,informational
intermittent reinforcement,when should intermittent reinforcement be used?,30,,,,informational
intermittent reinforcement,intermittent positive reinforcement,30,8,,intermittent reinforcement,informational
intermittent reinforcement,intermittent reinforcement definition psychology,30,,,,informational
intermittent reinforcement,britannica intermittent reinforcement psychology,30,,,,
intermittent reinforcement,when should intermittent reinforcement be used,30,,,,
intermittent reinforcement,intermittent reinforcement attraction psychology,30,,,,
intermittent reinforcement,nccdv trauma bonding intermittent reinforcement,30,,,,
intermittent reinforcement,nccdv trauma bond intermittent reinforcement,30,,,,
intermittent reinforcement,intermittent reinforcement.,30,,,,informational
intermittent reinforcement,examples of intermittent reinforcement,20,4,,intermittent reinforcement,informational
intermittent reinforcement,example of intermittent reinforcement,20,12,,intermittent reinforcement,informational
intermittent reinforcement,continuous reinforcement vs intermittent reinforcement,20,,,,
intermittent reinforcement,intermittent reinforcement trauma bond,20,,,,informational
intermittent reinforcement,intermittent reinforcement in romantic attraction,20,,,,
intermittent reinforcement,intermittent variable reinforcement,20,,,,
intermittent reinforcement,define intermittent reinforcement,20,,,,informational
intermittent reinforcement,intermittent reinforcement in dating,20,,,,
intermittent reinforcement,intermittent reinforcement is used to,20,,,,informational
intermittent reinforcement,intermittent reinforcement gambling addiction,20,,,,
intermittent reinforcement,intermittent reinforcement trauma bonding,20,,,,informational
intermittent reinforcement,intermittent reinforcement dopamine,20,,,,informational
intermittent reinforcement,intermittent reinforcement dating psychology,20,,,,
intermittent reinforcement,intermittent schedules of reinforcement are necessary to:,20,0,,intermittent schedules of reinforcement are necessary to,informational
intermittent reinforcement,nhs trauma bonding intermittent reinforcement,20,,,,
intermittent reinforcement,intermittent reinforcement gambling,20,,,,informational
intermittent reinforcement,what is intermittent reinforcement in aba,20,,,,informational
intermittent reinforcement,intermittent reinforcement texting,20,,,,
intermittent reinforcement,what does intermittent reinforcement mean,20,,,,
intermittent reinforcement,what is positive intermittent reinforcement,20,16,,intermittent reinforcement,informational
intermittent reinforcement,intermittent reinforcement abusive relationships,20,,,,
intermittent reinforcement,intermittent reinforcement example,20,6,,intermittent reinforcement,informational
intermittent reinforcement,intermittent reinforcement psychology diagram,20,,,,informational
intermittent reinforcement,intermittent reinforcement in a relationship,20,,,,informational
intermittent reinforcement,trauma bond intermittent reinforcement,10,,,,
intermittent reinforcement,intermittent reinforcement relationships dopamine,10,,,,
intermittent reinforcement,bf skinner intermittent reinforcement,10,12,,schedules of reinforcement psychology,informational
intermittent reinforcement,intermittent reinforcement patterns,10,,,,
intermittent reinforcement,intermittent reinforcement effect,10,,,,
intermittent reinforcement,intermittent reinforcement in psychology,10,,,,
intermittent reinforcement,continuous and intermittent reinforcement,10,,,,informational
intermittent reinforcement,intermittent reinforcement cycle,10,,,,
intermittent reinforcement,intermittent reinforcement psychology graph,10,,,,
intermittent reinforcement,intermittent reinforcement romantic relationships,10,,,,
intermittent reinforcement,intermittent reinforcement on off relationships,10,,,,
intermittent reinforcement,limerence intermittent reinforcement,10,,,,
intermittent reinforcement,intermittent reinforcement dating attraction,10,,,,
intermittent reinforcement,intermittent reinforcement relationship examples,10,,,,
intermittent reinforcement,why is intermittent reinforcement so powerful,10,,,,
intermittent reinforcement,intermittent reinforcement addiction psychology,10,,,,
intermittent reinforcement,intermittent reinforcement vs continuous,10,,,,
intermittent reinforcement,gambling intermittent reinforcement,10,,,,
intermittent reinforcement,what is intermittent reinforcement?,10,,,,
intermittent reinforcement,intermittent reinforcement aba definition,10,,,,
intermittent reinforcement,trauma bond intermittent reinforcement source,10,,,,informational
intermittent reinforcement,apa trauma bond intermittent reinforcement,10,,,,
intermittent reinforcement,intermittent reinforcement loop,10,,,,
intermittent reinforcement,trauma bonding cycle intermittent reinforcement,10,,,,
intermittent reinforcement,intermittent reinforcement attachment,10,,,,
intermittent reinforcement,partial (intermittent) reinforcement schedule,10,,,,
intermittent reinforcement,what's intermittent reinforcement,10,,,,
intermittent reinforcement,intermittent reinforcement wikipedia,10,,,,
intermittent reinforcement,samhsa trauma bonding intermittent reinforcement,10,,,,
intermittent reinforcement,limerence uncertainty intermittent reinforcement,10,,,,
intermittent reinforcement,intermittent reinforcement toxic relationship,10,,,,informational
intermittent reinforcement,intermittent reinforcement toxic relationships,10,,,,
intermittent reinforcement,intermittent reinforcement pattern,10,,,,
intermittent reinforcement,variable intermittent reinforcement,10,,,,
intermittent reinforcement,intermittent reinforcement manipulation,10,,,,
intermittent reinforcement,intermittent reinforcement diagram,10,,,,
phubbing,phubbing meaning,11000,0,0.01,phubbing meaning,informational
phubbing,phubbing,5900,13,0.02,phubbing behavior,informational
phubbing,what is phubbing,2300,7,0.02,phubbing behavior,informational
phubbing,phubbing pronunciation,1100,0,,phubbing pronunciation,informational
phubbing,phubbing definition,350,9,0.04,phubbing meaning,informational
phubbing,phubbing urban dictionary,250,1,,phubbing urban dictionary,informational
phubbing,phubbing behavior,250,0,,what is phubbing,informational
phubbing,phubbing meme,250,0,,phubbing meme,informational
phubbing,define phubbing,200,4,0.01,phubbing meaning,informational
phubbing,what does phubbing mean,150,5,,phubbed,informational
phubbing,partner phubbing,100,5,,phubbing meaning,informational
phubbing,stop phubbing,100,5,,stop phubbing,informational
phubbing,what is phubbing in a relationship,100,5,,phubbing,informational
phubbing,phubbing and relationships,90,4,,phubbing,informational
phubbing,effects of phubbing,90,8,,phubbing,informational
phubbing,what is phubbing?,80,8,,phubbing behavior,informational
phubbing,definition of phubbing,80,10,,phubbing meaning,informational
phubbing,merriam-webster phubbing definition,70,,,,
phubbing,what is phubbing mean,70,5,,phubbing meaning,informational
phubbing,whats phubbing,60,7,,phubbing meaning,informational
phubbing,what is phubbing behavior,50,3,,what is phubbing,informational
phubbing,phubbing marriage,40,0,0.03,phubbing and relationships,informational
phubbing,parental phubbing,40,2,,parental phubbing,informational
phubbing,phubbing in relationships,30,5,,phubbing and relationships,informational
phubbing,cambridge dictionary phubbing definition,30,,,,
phubbing,merriam-webster phubbing,30,,,,
phubbing,phubbing conveys which type of message,30,1,,phubbing conveys which type of message,informational
phubbing,socioeconomic status phubbing adolescents,30,,,,informational
phubbing,phubbing definition privacy online source,20,,,,
phubbing,phubbing passive-aggressive behavior,20,,,,
phubbing,phubbing relationship satisfaction study,20,,,,
phubbing,phubbing nedir,20,,,,
phubbing,phubbing def,20,4,,phubbing meaning,informational
phubbing,what does phubbing,20,,,,
phubbing,partner phubbing relationship satisfaction study,20,,,,informational
phubbing,meaning of phubbing,20,6,,phubbing meaning,informational
phubbing,family economic stress phubbing youth,20,,,,
phubbing,socioeconomic status phubbing youth,10,,,,
phubbing,phubbing quotes,10,0,,phubbing quotes,informational
phubbing,what is phubbing examples,10,,,,
phubbing,phubbing define,10,,,,informational
phubbing,phubbing vs social withdrawal,10,,,,
phubbing,phubbing passive aggressive behavior,10,,,,
phubbing,phubbing effects on children,10,,,,
phubbing,phubbing definition dictionary phone snubbing,10,,,,
phubbing,wjat is phubbing,10,,,,
phubbing,phubbing definition psychology,10,,,,
phubbing,macquarie dictionary phubbing phone snubbing,10,,,,
phubbing,phubbing meaning in relationship,10,,,,
phubbing,phubbing baby,10,,,,
phubbing,family economic hardship phubbing youth,10,,,,
phubbing,phubbing as social withdrawal,10,,,,
phubbing,phubbing social withdrawal,10,,,,
phubbing,merriam webster phubbing definition,10,,,,
phubbing,phubbing trend,10,,,,
phubbing,smartphone use during family gatherings phubbing,10,,,,
phubbing,phubbing definition privacy online,10,,,,
phubbing,phubbing examples,10,5,,what is phubbing?,informational
phubbing,phubbing definition cambridge dictionary,10,,,,
phubbing,phubbing definition phone snubbing source,10,,,,
phubbing,phubbing passive-aggressive behavior research,10,,,,
phubbing,how to stop phubbing,10,,,,
phubbing,what us phubbing,10,,,,
phubbing,phubbing as social disengagement research,10,,,,
phubbing,phubbing definition phone snubbing dictionary,10,,,,
phubbing,phubbing relationship,10,,,,
phubbing,phubbing as passive-aggressive behavior,10,,,,
phubbing,phubbing definition phone snubbing,10,,,,
phubbing,phubbing?,10,7,,phubbing behavior,informational
phubbing,que es phubbing,10,,,,informational
phubbing,what does phubbing your partner mean,10,,,,
phubbing,phubbing effects,10,,,,
phubbing,phubbing psychology,10,6,0.20,phubbing,informational
phubbing,phubbing effects on relationships,10,,,,
phubbing,what does phubbing mean?,10,,,,
phubbing,what's phubbing,10,4,,phubbed,informational
phubbing,definition phubbing,10,,,,
phubbing,phubbing romantic relationship satisfaction study,10,,,,
phubbing,phubbing social disengagement,10,,,,
phubbing,que es el phubbing,10,,,,informational
phubbing,phubbing mean,10,,,,
phubbing,phubbing.,10,,,,
phubbing,is phubbing a real word,10,,,,
phubbing,apa dictionary phubbing definition,10,,,,
phubbing,phubbing as social disengagement,10,,,,informational
phubbing,phubbing conveys which type of message?,10,4,,phubbing conveys which type of message?,informational
phubbing,phubbing definition merriam-webster,10,,,,
phubbing,phubbing in spanish,10,,,,
phubbing,phubbing que es,10,,,,
phubbing,phubbing en español,10,,,,informational
phubbing,apa phubbing definition,10,,,,
phubbing,phubbing passive-aggressive,10,,,,
phubbing,phubbing means,10,5,,phubbing meaning,informational
phubbing,family economic stress phubbing youth association,10,,,,
phubbing,phubbing passive aggressive,10,,,,
phubbing,what is parental phubbing,10,2,,parental phubbing,informational
phubbing,phone phubbing,10,19,,phubbing,informational
phubbing,parental phubbing meaning,10,3,,parental phubbing,informational
phubbing,phubbing impact on relationships,10,,,,
phubbing,phubbing definition meaning,10,,,,
glass child,glass child,5000,10,,glass child,informational
glass child,glass child syndrome,3500,0,,what is a glass child,informational
glass child,glass child meaning,3000,2,,glass child,informational
glass child,what is a glass child,2400,6,,glass child,informational
glass child,the glass child,500,0,,glass child,informational
glass child,whats a glass child,400,1,,what is a glass child,informational
glass child,glass child syndrome in adults,350,2,,glass child syndrome in adults,informational
glass child,what is glass child syndrome,350,1,,glass child syndrome,informational
glass child,what does glass child mean,200,1,,glass child,informational
glass child,glass child definition,200,2,,glass child,informational
glass child,glass child symptoms,150,1,,glass child syndrome,informational
glass child,the glass child meaning,150,0,,glass child syndrome,informational
glass child,what is the glass child,100,6,,glass child,informational
glass child,glass child theory,100,,,,informational
glass child,spoiled child shot glass,100,,,,
glass child,glass child syndrome test,100,0,,glass child test,informational
glass child,glass child syndrome meaning,90,,,,
glass child,what's a glass child,90,2,,glass child,informational
glass child,glass child quiz,80,1,,glass child syndrome test,informational
glass child,glass child trauma,80,0,,glass child syndrome,informational
glass child,child resistant glass jars,80,0,,child resistant glass jars,"commercial,transactional"
glass child,child of glass,80,0,,child of glass,"informational,commercial,transactional"
glass child,what is glass child,80,2,,glass child,informational
glass child,a glass child,70,6,,glass child,informational
glass child,define glass child,70,2,,glass child syndrome,informational
glass child,sliding glass door child lock,70,0,,sliding door child lock,"informational,commercial,transactional"
glass child,glass child syndrom,70,1,,glass child,informational
glass child,the glass child syndrome,70,1,,glass child,informational
glass child,glass child syndrome symptoms,50,2,,what is a glass child,informational
glass child,what does it mean to be a glass child,50,0,,glass child syndrome,informational
glass child,glass blunt tubes - child proof black,50,,,,
glass child,child of glass cast,40,,,,informational
glass child,what is a glass child mean,40,2,,glass child,informational
glass child,the glass child theory,40,,,,
glass child,glass syndrome child,40,,,,
glass child,glass child resistant jars,30,,,,
glass child,child resistant cap for 2 oz glass jar,30,,,,
glass child,sliding glass door child safety lock,30,,,,"informational,commercial,transactional"
glass child,child lock for sliding glass door,30,0,,sliding door child lock,"informational,commercial,transactional"
glass child,what is the glass child syndrome,30,,,,informational
glass child,4 oz child resistant clear black glass jar,30,,,,
glass child,what does a glass child mean,30,1,,glass child,informational
glass child,what is a glass child?,30,2,,glass child syndrome,informational
glass child,definition of glass child,30,0,,glass child syndrome,informational
glass child,glass child test,30,0,,glass child syndrome test,informational
glass child,glass child syndrome definition,20,,,,
glass child,how to child proof a sliding glass door,20,,,,"informational,commercial"
glass child,what does it mean to be the glass child,20,0,,glass child,informational
glass child,child magnifying glass,20,0,,magnifying glass kids,"informational,commercial,transactional"
glass child,white child resistant glass jars,20,,,,
glass child,glass house child,20,,,,
glass child,glass child characteristics,20,,,,informational
glass child,how to deal with glass child syndrome in adults,20,,,,
glass child,2 oz child resistant matte black glass jars,20,,,,
glass child,glass child.,20,4,,glass child,informational
glass child,what does the term glass child mean,20,,,,informational
glass child,glass child sundrome,20,,,,
glass child,glass child as an adult,20,,,,
glass child,child with magnifying glass,20,0,,child with magnifying glass,"informational,commercial"
glass child,what does the glass child mean,20,1,,glass child syndrome,informational
glass child,nhs child swallowed glass what to do,20,,,,
glass child,glass child def,20,5,,glass child syndrome,informational
glass child,1 oz child resistant clear black glass jars,20,,,,
glass child,nhs swallowed glass child what to do,20,,,,
glass child,being a glass child,20,,,,informational
glass child,a glass child meaning,20,0,,glass child,informational
glass child,whats the glass child,20,2,,glass child syndrome,informational
glass child,what does being a glass child mean,20,,,,
glass child,child safety lock for sliding glass door,20,,,,"informational,commercial,transactional"
glass child,glass child effect,20,,,,informational
glass child,how to child proof sliding glass door,20,0,,how to lock a sliding door,"informational,commercial"
glass child,glass child sibling syndrome,20,,,,
glass child,child of glass dvd,20,,,,"informational,commercial,transactional"
glass child,child exploring nature with magnifying glass,10,,,,
glass child,child lock sliding glass door,10,,,,"informational,commercial,transactional"
glass child,glass child pain,10,,,,
glass child,glass child syndrome as an adult,10,,,,
glass child,being the glass child,10,,,,
glass child,nhs swallowed glass child advice,10,,,,
glass child,definition of a glass child,10,,,,informational
glass child,glass house child meaning,10,,,,
glass child,4 oz child resistant black glass jar,10,,,,
glass child,child of glass movie,10,,,,"informational,commercial"
glass child,spoiled child shot glass where to buy,10,,,,
glass child,glass-child,10,,,,
glass child,glass child sybdrome,10,,,,
glass child,the glass child book,10,,,,"informational,commercial"
glass child,glass child meanings,10,,,,
glass child,what a glass child,10,2,,glass child syndrome,informational
glass child,glass child book,10,,,,
glass child,glass child means,10,,,,
glass child,glass child poem,10,,,,
glass child,am i a glass child quiz,10,,,,
glass child,glass child tattoo,10,0,,glass child tattoo,"informational,commercial"
glass child,glass child autism,10,,,,
glass child,meaning of glass child,10,1,,glass child,informational
glass child,how to prevent glass child syndrome,10,,,,
glass child,glass child meaning psychology,10,,,,
glass child,glass child sydrome,10,,,,informational
glass child,mac lip glass love child,10,,,,
enmeshed family,enmeshed family,4400,0,0.02,enmeshed family,informational
enmeshed family,enmeshed family meaning,800,10,0.02,enmeshment meaning,informational
enmeshed family,enmeshed family system,300,9,0.03,enmeshed family,informational
enmeshed family,what is an enmeshed family,300,0,0.02,enmeshed family,informational
enmeshed family,marrying into an enmeshed family,250,0,0.03,marrying into an enmeshed family,informational
enmeshed family,signs of enmeshed family,150,0,0.02,enmeshment issues,informational
enmeshed family,dating someone with enmeshed family,150,0,,dating someone with enmeshed family,informational
enmeshed family,signs of enmeshed family relationships,100,,,,informational
enmeshed family,enmeshed family dynamic,100,0,,enmeshed family,informational
enmeshed family,enmeshed family examples,100,0,0.02,enmeshed family,informational
enmeshed family,what is enmeshed family,100,4,,enmeshed family,informational
enmeshed family,what does enmeshed family mean,80,5,0.02,enmeshed family,informational
enmeshed family,enmeshed family dynamics,70,5,,enmeshed family,informational
enmeshed family,define enmeshed family,70,0,0.25,enmeshed family,informational
enmeshed family,enmeshed family definition,50,6,0.02,enmeshed family,informational
enmeshed family,signs of an enmeshed family,50,0,,enmeshment issues,informational
enmeshed family,enmeshed family signs,40,0,,parental enmeshment,informational
enmeshed family,enmeshed definition family,30,,,,
enmeshed family,enmeshed family systems,30,8,,enmeshed family meaning,informational
enmeshed family,what is an enmeshed family system,20,,,,informational
enmeshed family,enmeshed family quiz,20,4,,mother-son enmeshment checklist,informational
enmeshed family,husband enmeshed with his family,20,,,,informational
enmeshed family,married into an enmeshed family,20,,,,informational
enmeshed family,enmeshed family scapegoat,20,0,0.05,enmeshed family scapegoat,informational
enmeshed family,opposite of enmeshed family,20,0,,opposite of enmeshed family,informational
enmeshed family,what's an enmeshed family,20,,,,
enmeshed family,enmeshed family boundaries,20,0,,enmeshed boundaries,informational
enmeshed family,what does enmeshed mean in family therapy,20,,,,informational
enmeshed family,enmeshed family adult children,10,,,,
enmeshed family,pros and cons of marrying into an enmeshed family,10,,,,
enmeshed family,whats an enmeshed family,10,,,,informational
enmeshed family,enmeshed family siblings,10,,,,
enmeshed family,my husband is enmeshed with his family,10,,,,
enmeshed family,enmeshed family characteristics,10,0,,parental enmeshment,informational
enmeshed family,definition of enmeshed family,10,,,,informational
enmeshed family,boyfriend enmeshed with family,10,,,,informational
enmeshed family,what does an enmeshed family look like,10,,,,
enmeshed family,in an enmeshed family,10,0,,enmeshed family,informational
enmeshed family,enmeshed family relationships,10,,,,informational
enmeshed family,enmeshed meaning family,10,,,,
enmeshed family,what is an enmeshed family?,10,,,,
enmeshed family,what is a enmeshed family,10,,,,
enmeshed family,enmeshed family pattern,10,5,,enmeshed family,informational
enmeshed family,enmeshed vs disengaged family,10,,,,
