phrase,position,url,domain,domain_rating,title,traffic
letting go,3,https://music.apple.com/ug/album/letting-go-dutty-love-feat-nicki-minaj-single/384118261,music.apple.com,97,Letting Go (Dutty Love) [feat. Nicki Minaj] - Single,610
letting go,4,https://www.vice.com/en/article/not-getting-over-staying-friends-with-ex/,vice.com,91,Why Not Letting Go of Your Ex Might Not Always Be a ...,384
letting go,5,https://tomdas.com/2020/09/21/video-the-process-of-letting-go/,tomdas.com,24,Video: the process of letting go,242
letting go,6,https://www.youtube.com/watch?v=6YC4ep61rqM,youtube.com,99,Why You Can't Let Go Of Your Ex (and how to w,152
letting go,7,https://www.azlyrics.com/lyrics/brookehogan/lettinggo.html,azlyrics.com,76,Letting Go Lyrics - Brooke Hogan,96
letting go,8,https://tinybuddha.com/topic/letting-go-of-mr-unavailable/,tinybuddha.com,77,Letting go of Mr Unavailable,63
letting go,9,https://elearning.asc.edu.ag/knife-letting-go,elearning.asc.edu.ag,14,The Knife Of Letting Go,38
letting go,10,https://www.healthline.com/health/how-to-let-go,healthline.com,92,How to Let Go: 12 Tips for Letting Go of the Past,638
feeling overwhelmed,2,https://www.lawsociety.bc.ca/lsbc/apps/practice-support/adma/concept.cfm?ccid=265,lawsociety.bc.ca,71,I'm feeling overwhelmed and stuck. What should I do to ...,940
feeling overwhelmed,4,https://www.reddit.com/r/productivity/comments/uenyak/best_piece_of_advice_i_received_for_dealing_with/,reddit.com,95,"Best piece of advice I received for dealing with ""being ...",487
feeling overwhelmed,6,https://tilt365.com/blog/feeling-overwhelmed-small-steps-that-can-lead-to-big-progress,tilt365.com,49,Feeling Overwhelmed? Small Steps That Can Lead to Big ...,253
feeling overwhelmed,7,https://www.inc.com/justin-bariso/feeling-stressed-or-overwhelmed-try-help-first-rule.html,inc.com,91,Feeling Stressed or Overwhelmed? Try the Help-First Rule,182
feeling overwhelmed,8,https://talkyourheartout.com/au/blog/understanding-emotional-overwhelm-and-how-to-cope/,talkyourheartout.com,36,Understanding Emotional Overwhelm and How to Cope,131
feeling overwhelmed,9,https://www.mentalhealthnt.com.au/overwhelmed-and-cant-cope,mentalhealthnt.com.au,29,Feeling overwhelmed and not coping,94
feeling overwhelmed,10,https://gettingresults.com/strategies-to-conquer-feeling-overwhelmed/,gettingresults.com,41,8 Smart Strategies to Conquer Feeling Overwhelmed,68
inner child work,3,https://www.kahlejourney.org/post/visiting-the-inner-child-to-address-adult-demons,kahlejourney.org,6,Visiting The Inner Child To Address Adult Demons,474
inner child work,4,https://www.reddit.com/r/CPTSD/comments/k1buae/does_the_inner_child_really_ever_heal/,reddit.com,95,Does the inner child really ever heal? : r/CPTSD,341
inner child work,5,https://www.mentalhealthforum.net/forum/threads/inner-child-work.139234/,mentalhealthforum.net,52,Inner Child Work,303
inner child work,6,https://www.myptsd.com/threads/how-have-others-gone-with-inner-child-work.45066/,myptsd.com,38,"How Have Others Gone With ""inner Child"" Work???",243
inner child work,7,https://www.instagram.com/reel/DJBjAquozZw/,instagram.com,100,Inner child work is an approach to recognizing and healing ...,194
inner child work,8,https://www.quora.com/Can-anyone-share-if-theyve-done-inner-child-work-in-therapy-I-have-just-started-it-and-curious-about-other-people-s-thoughts-on-it-Im-struggling-to-connect-but-its-early-days,quora.com,92,Can anyone share if they've done inner child work ...,140
inner child work,9,https://medium.com/be-reaching-hearts/healing-from-childhood-wounds-and-inner-child-work-c8b8d09728e2,medium.com,94,Healing from Childhood Wounds and Inner Child Work,124
inner child work,10,https://www.reddit.com/r/TalkTherapy/comments/11wdlt2/confused_about_inner_child_work_a_therapist_tried/,reddit.com,95,"Confused about ""Inner Child"" work a therapist tried with me ...",123
self acceptance,2,https://www.psychologytoday.com/ie/blog/happiness-purpose/201302/unconditional-self-acceptance,psychologytoday.com,93,Unconditional Self-Acceptance,1196
self acceptance,4,https://medium.com/@dolessbemore/how-to-be-free-the-path-of-self-acceptance-a8d066fae5d1,medium.com,94,How To Be Free: The Path Of Self Acceptance,253
self acceptance,5,https://www.reddit.com/r/emotionalintelligence/comments/1l9pfr1/self_acceptance/,reddit.com,95,Self acceptance : r/emotionalintelligence,116
self acceptance,6,https://joinblush.com/self-acceptance-how-to-love-yourself/,joinblush.com,35,Self Acceptance: How to Love Yourself,54
self acceptance,7,https://connect.mayoclinic.org/comment/312091/,connect.mayoclinic.org,92,What is Self-acceptance?,25
self acceptance,8,https://ieconnects.ie.edu/mywellbeing/self-acceptance/,ieconnects.ie.edu,80,Self-Acceptance - My Well-Being - IE University,11
self acceptance,9,https://drvalentino.nyc/articles/f/the-importance-of-self-acceptance-and-self-love,drvalentino.nyc,1,The Importance of Self Acceptance and Self Love,5
self acceptance,10,https://olianderson.co.uk/self-acceptance-means-loving-yourself-and-others/,olianderson.co.uk,32,Self-Acceptance Means Loving Yourself and Others,2
shame vs guilt,2,https://www.psychologytoday.com/ca/blog/brainstorm/202603/guilt-and-shame-are-not-the-same,psychologytoday.com,93,Guilt and Shame Are Not the Same,
shame vs guilt,4,https://ac-psych.org/en/download-pdf/volume/18/issue/4/id/383,ac-psych.org,53,"Guilt is Solely Explained by Values, While Shame is ...",
shame vs guilt,5,https://www.aichologist.io/topics/emotional-regulation/shame-and-guilt/,aichologist.io,3,Shame and Guilt - Free Yourself from Heavy Emotions,
shame vs guilt,6,https://www.reddit.com/r/NoStupidQuestions/comments/crnfg6/whats_the_difference_between_shame_and_guilt/,reddit.com,95,What's the difference between shame and guilt?,
shame vs guilt,8,https://thesoulfulpsych.com.au/the-difference-between-guilt-and-shame/,thesoulfulpsych.com.au,12,The difference between guilt and shame,
shame vs guilt,9,https://www.quora.com/What-is-the-difference-between-guilt-and-shame-and-how-can-I-get-rid-of-it,quora.com,92,"What is the difference between guilt and shame, and how ...",
shame vs guilt,10,https://www.psychologytoday.com/us/blog/on-emotions-and-empathy/202501/the-real-difference-between-guilt-and-shame,psychologytoday.com,93,The Real Difference Between Guilt and Shame,40
jealousy in relationships,2,https://www.reddit.com/r/askanything/comments/1s4jykm/when_your_in_a_relationship_how_can_you_stop/,reddit.com,95,when your in a relationship how can you stop feelings of ...,246
jealousy in relationships,4,https://www.wbur.org/npr/1044018004/jealousy-relationships-emotions,wbur.org,86,How understanding jealousy could lead to a better ...,80
jealousy in relationships,5,https://sites.psu.edu/aspsy/2022/04/06/jealousy/,sites.psu.edu,91,Jealousy | Applied Social Psychology (ASP) - Sites @ PSU,64
jealousy in relationships,6,https://www.quora.com/What-are-the-signs-of-jealousy-in-a-womans-relationships-How-can-these-be-addressed-so-that-she-can-have-healthy-relationships,quora.com,92,What are the signs of jealousy in a woman's relationships? ...,46
jealousy in relationships,7,https://www.savannahnow.com/story/lifestyle/columns/2015/09/26/family-relationships-jealousy-has-no/13612949007/,savannahnow.com,76,Family Relationships: Jealousy has no place in a relationship,41
jealousy in relationships,8,https://www.youtube.com/watch?v=SisEHM8omeA,youtube.com,99,How to Know If Your Jealousy is Killing Your Relationship,33
jealousy in relationships,9,https://www.justanswer.com/relationship/kezio-bf-29-i-26-dating-two-years.html,justanswer.com,76,Dealing with Jealousy in Relationships: How to Cope,26
jealousy in relationships,10,https://www.reddit.com/r/NoStupidQuestions/comments/u1voxh/is_jealousy_in_a_relationship_understandable/,reddit.com,95,Is jealousy in a relationship understandable?,19
victim mentality,2,https://www.healthline.com/health/victim-mentality,healthline.com,92,Victim Mentality: 16 Signs and Tips to Deal with It,2697
victim mentality,4,https://en.wikipedia.org/wiki/Victim_mentality,en.wikipedia.org,97,Victim mentality,5453
victim mentality,6,https://www.reddit.com/r/selfimprovement/comments/ut1ell/whats_the_difference_between_having_a_genuine/,reddit.com,95,what's the difference between having a genuine problem ...,1122
victim mentality,7,https://echelonfront.com/do-i-have-a-victim-mentality/,echelonfront.com,64,Do I Have A Victim Mentality,447
victim mentality,8,https://sites.insead.edu/facultyresearch/research/doc.cfm?did=50114,sites.insead.edu,81,Are You a Victim of the Victim Syndrome?,542
victim mentality,9,https://www.quora.com/What-is-the-definition-of-a-victim-mentality-What-are-the-consequences-of-having-this-mindset-How-can-you-change-it,quora.com,92,What is the definition of a 'victim mentality ...,110
victim mentality,10,https://www.psychologytoday.com/us/blog/putting-psyche-back-into-psychotherapy/202401/the-agony-and-ecstasy-of-victimhood,psychologytoday.com,93,The Agony and Ecstasy of Victimhood,123
impostor syndrome,3,https://en.wikipedia.org/wiki/Impostor_syndrome,en.wikipedia.org,97,Impostor syndrome,21505
impostor syndrome,4,https://ctl.stanford.edu/students/imposter-syndrome,ctl.stanford.edu,92,Imposter Syndrome - Stanford Center for Teaching and Learning,6922
impostor syndrome,5,https://naminc.org/Breaking,naminc.org,54,Understanding Imposter Syndrome and How to Overcome It,86
impostor syndrome,6,https://www.youtube.com/watch?v=GwSSrwryxN0,youtube.com,99,Impostor Syndrome,
impostor syndrome,7,https://impostorsyndrome.com/,impostorsyndrome.com,70,Impostor Syndrome Institute: Impostor Syndrome Experts,338
impostor syndrome,8,https://deconstructingstigma.org/guides/impostor-syndrome,deconstructingstigma.org,75,Feeling Like a Fraud? A Deep Dive Into Impostor Syndrome,2208
impostor syndrome,9,https://www.psychologytoday.com/basics,psychologytoday.com,93,Imposter Syndrome,3915
impostor syndrome,10,https://pmc.ncbi.nlm.nih.gov/articles/PMC9811106,pmc.ncbi.nlm.nih.gov,95,Imposter Syndrome - PMC - NIH,9
emotional eating,1,https://www.eatingdisorderhope.com/treatment-for-eating-disorders/eating-disorder-hotlines,eatingdisorderhope.com,72,Eating Disorder Hotlines for 24/7 Crisis Help,332774
emotional eating,3,https://www.mayoclinic.org/healthy-lifestyle/weight-loss/in-depth/weight-loss/art-20047342,mayoclinic.org,92,Weight loss: Gain control of emotional eating,7171
emotional eating,4,https://pmc.ncbi.nlm.nih.gov/articles/PMC10005347/,pmc.ncbi.nlm.nih.gov,95,The Association of Emotional Eating with Overweight/Obesity ...,606
emotional eating,5,https://www.health.harvard.edu/diet-and-weight-loss/struggling-with-emotional-eating,health.harvard.edu,93,Struggling with emotional eating?,463
emotional eating,6,https://www.helpguide.org/wellness/weight-loss/emotional-eating,helpguide.org,87,Emotional Eating and How to Stop It,300
emotional eating,7,https://astersprings.com/blog/emotional-eating-and-binge-eating-disorder-whats-the-difference,astersprings.com,34,Emotional Eating vs. Binge Eating Disorder: Key Differences,413
emotional eating,8,https://www.universityhealth.com/blog/emotional-eating,universityhealth.com,62,How to stop emotional eating habits,121
emotional eating,9,https://www.peacehealth.org/healthy-you/how-stop-emotional-eating-5-coping-skills-you-can-practice-right-now,peacehealth.org,72,How to stop emotional eating: 5 coping skills you can ...,178
emotional eating,10,https://www.goodrx.com/well-being/diet-nutrition/what-is-emotional-eating,goodrx.com,85,Emotional Eating: What It Means and 4 Ways to Overcome It,36
spiritual bypassing,2,https://en.wikipedia.org/wiki/Spiritual_bypass,en.wikipedia.org,97,Spiritual bypass,1333
spiritual bypassing,4,https://www.verywellmind.com/what-is-spiritual-bypassing-5081640,verywellmind.com,90,Spiritual Bypassing as a Defense Mechanism,934
spiritual bypassing,5,https://www.reddit.com/r/awakened/comments/1iv6gws/spiritual_bypassing_is_sneakyhave_you_noticed_it/,reddit.com,95,Spiritual Bypassing is Sneaky—Have You Noticed It in ...,526
spiritual bypassing,6,https://www.psychologytoday.com/us/blog/the-empowerment-diary/201901/what-is-spiritual-bypassing,psychologytoday.com,93,What Is Spiritual Bypassing?,525
spiritual bypassing,7,https://yogashanti.com/focus/dec-11-spiritual-bypassing-by-jennifer-frasher/,yogashanti.com,39,Spiritual Bypassing,449
spiritual bypassing,8,https://scienceandnonduality.com/article/on-spiritual-bypassing-and-relationship/,scienceandnonduality.com,67,On Spiritual Bypassing and Relationship,343
spiritual bypassing,9,https://www.melissanoelrenzi.com/spiritual-bypass/,melissanoelrenzi.com,15,"Spiritual Bypass: 5 Common Examples, Why It Happens ...",461
spiritual bypassing,10,https://spectrummagazine.org/views/when-faith-avoids-feeling-understanding-spiritual-bypassing/,spectrummagazine.org,61,When Faith Avoids Feeling: Understanding Spiritual ...,188
asking for help,2,https://news.stanford.edu/stories/2022/09/asking-help-hard-people-want-help-realize,news.stanford.edu,92,"Why asking for help is hard, but people want to help more ...",91
asking for help,4,https://www.centerforengagedlearning.org/the-importance-of-asking-for-help/,centerforengagedlearning.org,58,The Importance of Asking for Help,34
asking for help,5,https://www.wondermind.com/article/asking-for-help/,wondermind.com,69,33 Ways to Ask for Help That Actually Work (and Aren't Scary),1249
asking for help,6,https://aimymh.org/how-to-ask-for-help-and-how-to-give-it/,aimymh.org,47,How To Ask For Help & How To Give It,97
asking for help,7,https://mike-robbins.com/the-importance-of-asking-for-help/,mike-robbins.com,53,The Importance of Asking for Help,31
asking for help,8,https://www.caringbridge.org/resources/how-to-ask-for-help-without-asking,caringbridge.org,80,How to Ask for Help Without Asking for Help,43
asking for help,9,https://health.clevelandclinic.org/how-to-ask-for-help,health.clevelandclinic.org,92,How To Ask for Help and Why It Can Be So Hard To Do,617
limiting beliefs,1,https://www.open.edu/openlearn/health-sports-psychology/psychology/reframing-self-limiting-beliefs,open.edu,81,Reframing Self-Limiting Beliefs | OpenLearn,1253
limiting beliefs,2,https://psyche.co/guides/how-philosophy-can-help-change-the-beliefs-that-hold-you-back,psyche.co,75,How to change your self-limiting beliefs,731
limiting beliefs,3,https://believeandcreate.com/62-beliefs-that-limit-your-happiness-and-success/,believeandcreate.com,20,62 Limiting Beliefs That Hold You Back (+ How to Break Free),495
limiting beliefs,4,https://positivepsychology.com/false-beliefs/,positivepsychology.com,86,How to Change Self-Limiting Beliefs According to Psychology,249
limiting beliefs,5,https://www.youtube.com/watch?v=4tSVLp0XKE8,youtube.com,99,How to Overcome Limiting Beliefs (reprogram your mind!),159
limiting beliefs,6,https://www.gaia.com/article/10-examples-of-limiting-beliefs,gaia.com,78,10 Examples of Limiting Beliefs and How to Overcome Them,59
limiting beliefs,7,https://www.groupsixty.com/ideas-blog/2021/1/27/the-enemy-within-how-to-overcome-self-limiting-beliefs,groupsixty.com,12,The Enemy Within: How to Overcome Self-Limiting Beliefs,326
limiting beliefs,8,https://cuecounseling.com/your-limiting-beliefs-are-what-keep-you-from-the-life-you-want/,cuecounseling.com,4,Your Limiting Beliefs Are What Keep You From the Life You ...,17
limiting beliefs,9,https://www.youtube.com/watch?v=9DMFDYyq0G0,youtube.com,99,Overcoming Limiting Beliefs | Rachel Wei,9
limiting beliefs,10,https://anneshoemaker.com/what-are-limiting-beliefs/,anneshoemaker.com,27,What Are Limiting Beliefs & How Can You Overcome Them?,15
mental clarity,2,https://www.everydayhealth.com/emotional-health/tips-to-beat-brain-fog-foster-focus-and-improve-mental-clarity/,everydayhealth.com,89,Beat Brain Fog: 7 Tips to Enhance Mental Clarity,992
mental clarity,4,https://www.calm.com/blog/mental-clarity,calm.com,87,"What is mental clarity, and how can you improve it?",442
mental clarity,6,https://lemmelive.com/blogs/news/mental-clarity-how-to-reduce-brain-fog,lemmelive.com,59,Mental Clarity: How To Reduce Brain Fog,206
mental clarity,7,https://chirostudiococoa.com/what-are-the-mental-clarity-benefits-of-care/,chirostudiococoa.com,6,What Are the Mental Clarity Benefits of Care?,177
mental clarity,8,https://www.starlingminds.com/brain-fog-causes-impacts-and-strategies-to-improve-mental-clarity/,starlingminds.com,43,"Brain Fog: Causes, Impacts and Strategies to Improve ...",176
mental clarity,9,https://www.chateaurecovery.com/how-to-improve-mental-clarity,chateaurecovery.com,41,How to Improve Mental Clarity: 10 Techniques,742
mental clarity,10,https://www.mitoq.com/blogs/journal/what-is-mental-clarity-and-how-can-you-achieve-it,mitoq.com,53,What is mental clarity and how can you achieve it?,268
double texting,2,https://www.google.com/goto?url=CAESjwEB6zswFfIPxPeDE0xv5WP6OeGyChWWQ-eQoAElbgN933YKecknrBXgXsoFcpeVy82Hi09nL9Mn8sJYpKjZ7tX7WRSeHPO4n__Yho8gcQqho6dnuXmO6dss6pAoIUeDnHvbfsNzKu-wZSH6bLSJcj1dq1WQ98SDtHqbA_8wyuMzW9X4MVJhuUR6n5nSQWRkNg,google.com,100,Is double-texting always a no-no? : r/dating_advice,662
double texting,4,https://www.google.com/goto?url=CAESqwEB6zswFZ-MauSHnOXgyWA_j1T_4Ui07lMvA3Hup0kRdsh_v63oBAtGaUJ5yyLdREjsfI9ZDfCUkpqb6qKeJUHd8AnZpx66or41TE8_tcwBd2tqYH2-boAefYXrLQi0iPKSPGcw_25qGxbsbnNvI5oYy4UKKV7O7Ve0F5e0OKlQCpe-eUBOqNIf7d38iRLAwdcZ5ggV2NU1-qV0lz7IoQ1leX4b1qMAAV_uF3o,google.com,100,What Is Double Texting (and How I Learned to Stop Doing ...,214
double texting,5,https://www.verywellmind.com/,verywellmind.com,90,The Dos and Don'ts of Double Texting,53182
double texting,6,https://www.google.com/goto?url=CAESwwEB6zswFctX9xhnAt15ZkwVMkR0754XOEre_SObEbdBd3qXsxRS0g8wBm-fPldiBe2-g3vQAXwOXC44fDJ1cWsuufu8QAhhXHrD8Eg8fbf-ynhUT7JNTY1wVv_Bs_5YdGEh-A9C9mZ85HtxlCuysmcaCmNPpvZmw6uD6o-wfPzhIasWFWETkZA_ENGGR3uQsVvGsSG2KaObC3CoHYc19HGCJl7YrjFdPrJAgyv9RppEIe2yvfpzm_9HKwLRMRevyZ_T0Oo,google.com,100,Learn the dos and don'ts of double texting. When is it okay ...,137
double texting,7,https://www.wikihow.com/,wikihow.com,91,Double Texting: What It Is and When to Do It,177053
double texting,8,https://www.google.com/goto?url=CAES9AEB6zswFY3zlItHoJfQEj4Q-H1FVTswFCOD4f5AB03X2xaLO7KCR5AS_eE95305V4eLC3LG4h3nejZwCSyWgJMltHssTCRw9iI6-aRK4SyCB1i3MeWjA0tVgPNaIsi5wGDbXZ0Bsm_b_xdUhQab00TbPZfg7nMsdcGO0Hs3Y12t43jHwpjXVXOlQIQTITMowlkvoh9QlDDxvrmjeXRoLbnFo-L1J4L2rWtkAh2u4swRtb38byYTPr9bHodsrqu6h7Jf_BVTdscyn79L0orXZHCcPnHKssFBZqoR-sHHOON8R3zJNFzGyfs8cRu3rs8ZFKOgillW,google.com,100,"Why would a guy double text me? I was shocked, he didn't ...",79
double texting,10,https://scimatch.com/Blog,scimatch.com,25,"Double Texting: Meaning, Rules & When It's Okay (+ 5 ...",593
