slug,url,domain,person_or_source,type,detail
anxious-attachment-style,https://health.clevelandclinic.org/anxious-attachment-style,health.clevelandclinic.org,Cleveland Clinic,reviewer,JSON-LD author
avoidant-attachment,https://www.webmd.com/parenting/what-is-avoidant-attachment,webmd.com,Hallie Levine,reviewer,JSON-LD author
avoidant-attachment,https://www.webmd.com/parenting/what-is-avoidant-attachment,webmd.com,WebMD Editorial Contributor,expert,JSON-LD author
avoidant-attachment,https://www.webmd.com/parenting/what-is-avoidant-attachment,webmd.com,"Jabeen Begum, MD",expert,JSON-LD reviewedBy
betrayal-trauma,https://www.verywellmind.com/betrayal-trauma-causes-symptoms-impact-and-coping-5270361,verywellmind.com,Sanjana Gupta,reviewer,JSON-LD author
betrayal-trauma,https://www.healthline.com/health/mental-health/betrayal-trauma,healthline.com,Crystal Raypole,reviewer,JSON-LD author
black-and-white-thinking,https://www.verywellmind.com/all-or-nothing-thinking-2584173,verywellmind.com,"Katharina Star, PhD",expert,JSON-LD author
childhood-emotional-neglect,https://www.medicalnewstoday.com/articles/childhood-emotional-neglect,medicalnewstoday.com,Hana Ames,reviewer,JSON-LD author
controlling-parents,https://www.bbc.com/news/education-34140965,bbc.com,Hannah Richardson,reviewer,JSON-LD author
emotional-exhaustion,https://health.clevelandclinic.org/why-you-wake-up-tired-after-8-hours-of-sleep,health.clevelandclinic.org,Cleveland Clinic,reviewer,JSON-LD author
emotional-home,https://www.bbc.com/future/article/20250226-the-expert-guide-to-taking-control-of-your-emotions,bbc.com,David Robson,reviewer,JSON-LD author
emotional-invalidation,https://psychcentral.com/health/reasons-you-and-others-invalidate-your-emotional-experience,psychcentral.com,Brittany Carrico,reviewer,JSON-LD author
emotional-manipulation,https://www.healthline.com/health/mental-health/emotional-manipulation,healthline.com,Kimberly Holland,reviewer,JSON-LD author
emotional-numbness,https://health.clevelandclinic.org/why-you-feel-emotionally-numb,health.clevelandclinic.org,Cleveland Clinic,reviewer,JSON-LD author
emotional-numbness,https://www.healthline.com/health/mental-health/emotional-blunting,healthline.com,Erica Cirino,reviewer,JSON-LD author
emotionally-unavailable,https://www.healthline.com/health/emotionally-unavailable,healthline.com,Crystal Raypole,reviewer,JSON-LD author
enmeshed-family,https://www.healthline.com/health/enmeshed-family,healthline.com,Rhona Lewis,reviewer,JSON-LD author
enmeshed-family,https://psychcentral.com/blog/imperfect/2019/05/the-enmeshed-family-system-what-it-is-and-how-to-break-free,psychcentral.com,"Sharon Martin, LCSW",expert,JSON-LD author
fawn-response,https://psychcentral.com/health/fawn-response,psychcentral.com,Gina Ryder,reviewer,JSON-LD author
fear-of-abandonment,https://www.verywellmind.com/fear-of-abandonment-2671741,verywellmind.com,Lisa Fritscher,reviewer,JSON-LD author
fear-of-abandonment,https://psychcentral.com/health/abandonment-trauma,psychcentral.com,Kathryn Watson,reviewer,JSON-LD author
fear-of-intimacy,https://www.verywellmind.com/fear-of-intimacy-2671818,verywellmind.com,Lisa Fritscher,reviewer,JSON-LD author
feeling-empty-inside,https://www.verywellmind.com/i-feel-empty-5195295,verywellmind.com,Barbara Field,reviewer,JSON-LD author
feeling-invisible,https://www.bbc.com/future/article/20230526-felt-presence-why-we-sometimes-feel-invisible-others,bbc.com,Claudia Hammond,reviewer,JSON-LD author
how-to-forgive-yourself,https://www.healthline.com/health/how-to-forgive-yourself,healthline.com,Sara Lindberg,reviewer,JSON-LD author
how-to-rebuild-trust,https://www.healthline.com/health/how-to-rebuild-trust,healthline.com,Crystal Raypole,reviewer,JSON-LD author
hypervigilance,https://health.clevelandclinic.org/hypervigilance,health.clevelandclinic.org,Cleveland Clinic,reviewer,JSON-LD author
i-dont-know-who-i-am-anymore,https://www.verywellmind.com/i-dont-know-who-i-am-5186886,verywellmind.com,"Kendra Cherry, MSEd",reviewer,JSON-LD author
inner-child-work,https://www.verywellmind.com/inner-child-work-how-your-past-shapes-your-present-7152929,verywellmind.com,"Julia Childs Heyl, MSW",reviewer,JSON-LD author
need-for-certainty,https://psychcentral.com/blog/why-you-need-to-control-everything,psychcentral.com,Emma Dibdin,reviewer,JSON-LD author
self-loathing,https://my.clevelandclinic.org/health/symptoms/self-loathing,my.clevelandclinic.org,Cleveland Clinic medical professional,reviewer,JSON-LD author
self-sabotage,https://www.verywellmind.com/why-people-self-sabotage-and-how-to-stop-it-5207635,verywellmind.com,Barbara Field,reviewer,JSON-LD author
trust-issues,https://psychcentral.com/blog/trust-issues-causes-signs,psychcentral.com,Hope Gillette,reviewer,JSON-LD author
victim-mentality,https://www.webmd.com/mental-health/what-is-a-victim-mentality,webmd.com,"Smitha Bhandari, MD",expert,JSON-LD reviewedBy
victim-mentality,https://www.healthline.com/health/victim-mentality,healthline.com,Crystal Raypole,reviewer,JSON-LD author
walking-on-eggshells,https://www.verywellmind.com/how-to-handle-walking-on-eggshells-in-your-relationship-5207935,verywellmind.com,Elizabeth Plumptre,reviewer,JSON-LD author
what-is-people-pleasing,https://www.healthline.com/health/mental-health/7-subtle-signs-your-trauma-response-is-people-pleasing,healthline.com,Sam Dylan Finch,reviewer,JSON-LD author
where-insecurities-come-from,https://www.verywellmind.com/insecurity-signs-causes-and-coping-strategies-8641189,verywellmind.com,Sanjana Gupta,reviewer,JSON-LD author
why-cant-i-name-my-feelings,https://www.webmd.com/brain/alexithymia,webmd.com,Keri Wiginton,reviewer,JSON-LD author
why-cant-i-name-my-feelings,https://www.webmd.com/brain/alexithymia,webmd.com,"Smitha Bhandari, MD",expert,JSON-LD reviewedBy
why-cant-i-trust-anyone,https://www.verywellmind.com/i-dont-trust-people-what-it-means-and-how-to-get-help-5219769,verywellmind.com,"Kendra Cherry, MSEd",reviewer,JSON-LD author
why-do-i-avoid-conflict,https://www.healthline.com/health/conflict-avoidance,healthline.com,Cindy Lamothe,reviewer,JSON-LD author
why-dont-i-trust-myself,https://www.verywellmind.com/i-dont-trust-myself-why-you-feel-this-way-and-what-to-do-5218617,verywellmind.com,Sanjana Gupta,reviewer,JSON-LD author
