seed_cluster,phrase_type,text
healing after infidelity | how to heal after being cheated on | rebuilding self after partner cheats,question_title,What actually helps a marriage heal after infidelity?
healing after infidelity | how to heal after being cheated on | rebuilding self after partner cheats,question_title,How can we remember the same event so differently?
healing after infidelity | how to heal after being cheated on | rebuilding self after partner cheats,first_person_phrase,I can barely survive one hour at a time emotionally
healing after infidelity | how to heal after being cheated on | rebuilding self after partner cheats,first_person_phrase,I was no longer alone in my pain. I found healing.
healing after infidelity | how to heal after being cheated on | rebuilding self after partner cheats,first_person_phrase,Knowing you are not alone and you are not insane really does give you permission to grieve your loss.
healing after infidelity | how to heal after being cheated on | rebuilding self after partner cheats,first_person_phrase,I don't even know who I am anymore
healing after infidelity | how to heal after being cheated on | rebuilding self after partner cheats,first_person_phrase,I feel like the ground has shifted beneath my feet
healing after infidelity | how to heal after being cheated on | rebuilding self after partner cheats,first_person_phrase,I'm asking because I can't feel safe without answers
making peace with your father | father estrangement | unresolved anger at father,question_title,How can I make peace with my estranged father?
making peace with your father | father estrangement | unresolved anger at father,first_person_phrase,I waited on my dad to arrive but he never came
making peace with your father | father estrangement | unresolved anger at father,first_person_phrase,I would wait on my dad to pick me up after my parents split up but he never showed
making peace with your father | father estrangement | unresolved anger at father,first_person_phrase,I chose to end my relationship with my dad because the wound was too deep
making peace with your father | father estrangement | unresolved anger at father,first_person_phrase,My biggest pain-point from growing up deals with my father
making peace with your father | father estrangement | unresolved anger at father,first_person_phrase,I decided I'd had enough of eggshell walking for years
mother daughter relationship rupture | healing mother wound,first_person_phrase,She raises hell if she doesn't get her way at all times
mother daughter relationship rupture | healing mother wound,first_person_phrase,He felt inadequate ashamed and fearful of not living up to people expectations
leaving home as an adult | individuation from parents | guilt about outgrowing family,question_title,When can I leave home?
leaving home as an adult | individuation from parents | guilt about outgrowing family,first_person_phrase,My world shrank by half when my brother left for college
leaving home as an adult | individuation from parents | guilt about outgrowing family,first_person_phrase,I left home because it was safer than staying
anger as identity | why am I always angry | rage underneath calm,question_title,Why do I feel angry all the time for no reason?
anger as identity | why am I always angry | rage underneath calm,first_person_phrase,I wake up angry for no clear reason most days
anger as identity | why am I always angry | rage underneath charge,first_person_phrase,Everything seems to trigger me now a small comment makes me furious for hours
anger as identity | why am I always angry | rage underneath calm,first_person_phrase,I didn't mean for it to go that far but I wasn't thinking either
midlife meaning crisis | what is my life about | feeling lost at 45,first_person_phrase,I started to wonder how many years I had left to spend drowning in disrespect
reconnecting with femininity | feeling disconnected from femininity,first_person_phrase,I forgot who I was under all the caregiving
healthy masculinity | feeling disconnected from masculinity,first_person_phrase,I feel disconnected from masculinity since my father was absent
why can't I have fun | chronic seriousness | forgot how to play,first_person_phrase,I became too serious to ever feel playful again
feeling isolated | why do I isolate myself | letting people support you,question_title,Why do I feel lonely even though I'm surrounded by people?
feeling isolated | why do I isolate myself | letting people support you,first_person_phrase,Feeling isolated even when I crave connection
feeling isolated | why do I isolate myself | letting people support you,first_person_phrase,I tend to self-isolate anyway when I'm depressed
inner conflict | parts of yourself at war | why do I sabotage what I want,first_person_phrase,I want our marriage more than anything then I think about the affair and get angry
earliest memory meaning | how childhood memories shape identity,first_person_phrase,I feel like my past is an armor I cannot take off
losing yourself in a relationship | the good partner role | self erasure in marriage,first_person_phrase,I lost myself inside the marriage trying to fix things
couple stuck in same argument | recurring fight with partner,first_person_phrase,We keep having the same fight and neither of us knows how to stop
rebuilding identity after major life change | starting over identity,first_person_phrase,I need to start over in life after everything falls apart
feeling unattractive | why do I feel ugly | body image and worth,first_person_phrase,I look in the mirror and see someone cold-hearted staring back
grief for someone still alive | estranged family grief,first_person_phrase,I carry the ember forward during estrangement every day
why motivation does not last | motivation fades after a week,first_person_phrase,I try to improve myself but nothing lasts beyond a week
what is leverage for personal change | why pain drives change,first_person_phrase,Pain is what finally pushed me to make a change I needed to make
pattern interrupt psychology | how to interrupt a habit loop,first_person_phrase,I need to break free from the cycle I keep repeating
secondary gain psychology | what your problem protects you from,first_person_phrase,I stayed in the situation because somehow it protected me from something worse
defining problems in solvable terms | why your problem feels permanent,first_person_phrase,I can't seem to figure out how to solve this
how many repetitions to build a habit | conditioning new behavior,first_person_phrase,I need thirty days before a new routine feels normal
retreat high fades | integration after a breakthrough | why growth does not stick,first_person_phrase,The retreat changed me but the change faded once I went home
life blueprint mismatch | expectations vs reality depression,first_person_phrase,Everything felt worse when I was tired and overwhelmed
rules vs values psychology | why your own rules make you miserable,first_person_phrase,I follow all the rules but still feel miserable
confirmation bias about yourself | why you keep proving your beliefs right,first_person_phrase,I keep proving myself wrong even when I know better
everything feels worse when tired | state and perception,first_person_phrase,I don't know if I can continue being in this marriage when emotions resurface
is my ambition healthy | achievement never feels enough,first_person_phrase,Nothing I achieve ever feels like enough accomplishment
need for variety in life | boredom in a good life,first_person_phrase,I'm bored even though things should be going well for me
need for love and connection | why connection feels unsafe,first_person_phrase,Connection feels unsafe to me because of what happened before
need for growth | stagnation depression,first_person_phrase,I feel stagnant despite wanting to grow
need for contribution | feeling useless despite success,first_person_phrase,Despite my success I feel useless and unmotivated
when your main life role ends | empty nest identity | retirement identity crisis,first_person_phrase,I don't know who I am now that my kids have grown
