slug,kind,text
not-trusting-my-own-memory,faq,Why do I doubt my own memory and perception around certain people?
not-trusting-my-own-memory,faq,Am I being gaslit or am I just remembering things wrong?
not-trusting-my-own-memory,faq,Where does the word gaslighting actually come from?
not-trusting-my-own-memory,faq,Is gaslighting a diagnosis?
not-trusting-my-own-memory,faq,Has the word gaslighting been overused?
not-trusting-my-own-memory,faq,"How reliable is memory, honestly?"
not-trusting-my-own-memory,faq,Can somebody change my memory without lying to me?
not-trusting-my-own-memory,faq,What is memory conformity?
not-trusting-my-own-memory,faq,Can I remember something that never happened at all?
not-trusting-my-own-memory,faq,Why does it only happen around one person?
not-trusting-my-own-memory,faq,Does being certain mean I am right?
not-trusting-my-own-memory,faq,Is the other person doing it on purpose?
not-trusting-my-own-memory,faq,Should I start keeping a log of what they say?
not-trusting-my-own-memory,faq,Should I record conversations?
not-trusting-my-own-memory,faq,What is the one thing that does help?
not-trusting-my-own-memory,faq,Why does writing it down beforehand work when arguing does not?
not-trusting-my-own-memory,faq,Why does the doubt arrive before I have thought about anything?
not-trusting-my-own-memory,faq,Is this the same as not trusting my own judgment?
not-trusting-my-own-memory,faq,Is this the same as emotional invalidation?
not-trusting-my-own-memory,faq,Why do I apologize even when I am sure I was right?
not-trusting-my-own-memory,faq,What if I really was wrong once?
not-trusting-my-own-memory,faq,Does this come from childhood?
not-trusting-my-own-memory,faq,Why does being proved right not fix it?
not-trusting-my-own-memory,faq,How good is the research behind the word gaslighting?
not-trusting-my-own-memory,faq,Are the online checklists for spotting a manipulator any good?
not-trusting-my-own-memory,faq,Could two honest people really remember an evening completely differently?
not-trusting-my-own-memory,faq,What if they are just more certain than me?
not-trusting-my-own-memory,faq,Should I confront them about it?
not-trusting-my-own-memory,faq,When does this belong with a professional rather than a page?
not-trusting-my-own-memory,faq,What does the settled version actually look like?
not-trusting-my-own-memory,faq,How long does this take to change?
not-trusting-my-own-memory,faq,What is worth doing this week?
not-trusting-my-own-memory,h2,What Does This Actually Look Like Across an Ordinary Month?
not-trusting-my-own-memory,h2,"What Is the Name for This, and Where Does the Name Stop?"
not-trusting-my-own-memory,h2,When Does This Belong With Somebody Qualified Rather Than a Page Like This?
not-trusting-my-own-memory,h2,Why Is Ordinary Memory So Much Less Reliable Than It Feels?
not-trusting-my-own-memory,h2,Can Another Person Change What You Remember Without Lying to You?
not-trusting-my-own-memory,h2,Can You Remember Something That Never Happened at All?
not-trusting-my-own-memory,h2,How Good Is the Evidence Behind Any of This?
not-trusting-my-own-memory,h2,Are Online Gaslighting Checklists Validated or Measured in Any Reliable Way?
not-trusting-my-own-memory,h2,Why Do Two People Doubt Their Own Memory for Completely Different Reasons?
not-trusting-my-own-memory,h2,What If They Really Are Changing the Account?
not-trusting-my-own-memory,h2,What If Two Honest People Simply Remember Differently?
not-trusting-my-own-memory,h2,What If They Are Just More Certain Than You Are?
not-trusting-my-own-memory,h2,"What If You Were the One Who Was Wrong, Once?"
not-trusting-my-own-memory,h2,What If You Were Never Allowed Your Own Version Growing Up?
not-trusting-my-own-memory,h2,"Which of the Five Is Yours, and How Would You Know?"
not-trusting-my-own-memory,h2,Why Does It Only Happen Around Certain People?
not-trusting-my-own-memory,h2,Where Does This Hide When You Would Not Call It Doubting Yourself?
not-trusting-my-own-memory,h2,What Does This Cost Across a Year?
not-trusting-my-own-memory,h2,Why Does Every Sensible Fix for This Fail?
not-trusting-my-own-memory,h2,What Can I Do Without Confronting Them or Secretly Recording Conversations?
not-trusting-my-own-memory,h2,What Does the Settled Version Look Like on an Ordinary Week?
not-trusting-my-own-memory,h2,"How Long Does This Take, Honestly?"
not-trusting-my-own-memory,h2,"What Is Worth Doing This Week, Before You Say Anything to Anybody?"
the-explanation-i-give-myself,faq,"Why do I keep doing the thing I said I would stop, and then explain it to myself?"
the-explanation-i-give-myself,faq,"What is cognitive dissonance, in plain terms?"
the-explanation-i-give-myself,faq,Is cognitive dissonance just holding two contradictory ideas at once?
the-explanation-i-give-myself,faq,Why does the explanation arrive so fast?
the-explanation-i-give-myself,faq,Is the explanation I give myself a lie?
the-explanation-i-give-myself,faq,Why does my explanation sound weaker when I say it out loud to somebody?
the-explanation-i-give-myself,faq,Why is it always the belief that moves and not the behavior?
the-explanation-i-give-myself,faq,How solid is the research behind cognitive dissonance?
the-explanation-i-give-myself,faq,How big were the original cognitive dissonance experiments?
the-explanation-i-give-myself,faq,What is self-perception theory and does it disprove dissonance?
the-explanation-i-give-myself,faq,What is the free-choice paradigm and what is wrong with it?
the-explanation-i-give-myself,faq,Is cognitive dissonance real or has it been debunked?
the-explanation-i-give-myself,faq,Why can I never catch my standards moving?
the-explanation-i-give-myself,faq,Does everybody do this?
the-explanation-i-give-myself,faq,What if the rule I set was wrong for me in the first place?
the-explanation-i-give-myself,faq,How do I tell whether the rule was wrong or I am just excusing myself?
the-explanation-i-give-myself,faq,Why do I explain small things more strenuously than big ones?
the-explanation-i-give-myself,faq,What is actually being protected when I explain myself?
the-explanation-i-give-myself,faq,What if the thing I keep doing costs somebody else?
the-explanation-i-give-myself,faq,Why does the reason sometimes arrive before I even do the thing?
the-explanation-i-give-myself,faq,Is rationalizing the same as cognitive dissonance?
the-explanation-i-give-myself,faq,Should I try to stop rationalizing?
the-explanation-i-give-myself,faq,Does telling somebody else about it help?
the-explanation-i-give-myself,faq,Why does deciding to be more honest with myself fail?
the-explanation-i-give-myself,faq,What is the only part of this I actually choose?
the-explanation-i-give-myself,faq,What should a written rule actually say?
the-explanation-i-give-myself,faq,Why does writing it down make any difference?
the-explanation-i-give-myself,faq,What if I break the written rule anyway?
the-explanation-i-give-myself,faq,How is this different from self-sabotage?
the-explanation-i-give-myself,faq,"How long does this take to change, honestly?"
the-explanation-i-give-myself,faq,Is cognitive dissonance something a person can be diagnosed with?
the-explanation-i-give-myself,faq,When does this belong with somebody qualified rather than a page like this?
the-explanation-i-give-myself,h2,What Does the Explanation Actually Sound Like From the Inside?
the-explanation-i-give-myself,h2,"What Is Cognitive Dissonance, and Why Does Almost Everyone Use the Term Wrong?"
the-explanation-i-give-myself,h2,When Does This Belong With Somebody Qualified Rather Than a Page Like This?
the-explanation-i-give-myself,h2,"How Good Is the Evidence Here, Honestly?"
the-explanation-i-give-myself,h2,Does Self-Perception Theory Disprove Cognitive Dissonance?
the-explanation-i-give-myself,h2,Why Does the Belief Move Instead of the Behavior?
the-explanation-i-give-myself,h2,Why Does It Sound Thinner When You Say It Out Loud?
the-explanation-i-give-myself,h2,Is It a Lie?
the-explanation-i-give-myself,h2,Why Can You Never Catch the Standard Moving?
the-explanation-i-give-myself,h2,Why Do Two People Produce the Same Sentence and Need Opposite Things?
the-explanation-i-give-myself,h2,What If This Is Just the Ordinary Repair Everybody Runs?
the-explanation-i-give-myself,h2,What If the Rule Was Wrong for You in the First Place?
the-explanation-i-give-myself,h2,What If What You Are Defending Is a Sentence About Yourself?
the-explanation-i-give-myself,h2,What If Somebody Else Is Paying for This?
the-explanation-i-give-myself,h2,What If the Explanation Now Arrives Before You Do the Thing?
the-explanation-i-give-myself,h2,"Which of the Five Is Yours, Using Only What You Already Know?"
the-explanation-i-give-myself,h2,Why Do I Explain Away Missed Commitments to My Boss Even When I Meant to Keep Them?
the-explanation-i-give-myself,h2,Where Does This Sit Next to the Other Things It Resembles?
the-explanation-i-give-myself,h2,Why Does Deciding to Be More Honest With Yourself Fail?
the-explanation-i-give-myself,h2,What Should I Write Down So I Can Catch My Standard Changing?
the-explanation-i-give-myself,h2,What Does the Settled Version Look Like on an Ordinary Thursday?
the-explanation-i-give-myself,h2,"How Long Does This Take to Change, Honestly?"
the-explanation-i-give-myself,h2,"What Is Worth Doing This Week, Before You Decide Anything?"
cant-stop-thinking-about-someone,faq,Why can't I stop thinking about someone I barely know?
cant-stop-thinking-about-someone,faq,What is limerence?
cant-stop-thinking-about-someone,faq,Where does the word limerence come from?
cant-stop-thinking-about-someone,faq,Is limerence a real diagnosis?
cant-stop-thinking-about-someone,faq,Is this just a crush?
cant-stop-thinking-about-someone,faq,Why does the thinking get worse when they are less available?
cant-stop-thinking-about-someone,faq,Am I obsessed with someone I barely know?
cant-stop-thinking-about-someone,faq,Why do I replay one sentence they said over and over?
cant-stop-thinking-about-someone,faq,Why does it hurt physically when they are friendly to somebody else?
cant-stop-thinking-about-someone,faq,Does knowing this is disproportionate help?
cant-stop-thinking-about-someone,faq,How long does limerence last?
cant-stop-thinking-about-someone,faq,Does no contact fix this?
cant-stop-thinking-about-someone,faq,Why does distraction not work?
cant-stop-thinking-about-someone,faq,"Is the feeling real, or am I making it up?"
cant-stop-thinking-about-someone,faq,Why is my fantasy of them so detailed when our real conversations are so thin?
cant-stop-thinking-about-someone,faq,Why do I know their schedule better than my own week?
cant-stop-thinking-about-someone,faq,Can this happen while I am in a happy relationship?
cant-stop-thinking-about-someone,faq,Should I tell them?
cant-stop-thinking-about-someone,faq,Is there a test for limerence?
cant-stop-thinking-about-someone,faq,What does research actually say about intrusive thinking in early love?
cant-stop-thinking-about-someone,faq,Why is this worse at night and first thing in the morning?
cant-stop-thinking-about-someone,faq,How is this different from a parasocial bond?
cant-stop-thinking-about-someone,faq,How is this different from daydreaming?
cant-stop-thinking-about-someone,faq,Why did this start right after a hard year?
cant-stop-thinking-about-someone,faq,What if the connection was real and circumstances made it impossible?
cant-stop-thinking-about-someone,faq,Can two people have the identical fixation for completely different reasons?
cant-stop-thinking-about-someone,faq,Why do articles about this give exact stages and percentages?
cant-stop-thinking-about-someone,faq,Does the brain imaging research prove anything here?
cant-stop-thinking-about-someone,faq,What actually changes anything here?
cant-stop-thinking-about-someone,faq,Does this mean I cannot do normal relationships?
cant-stop-thinking-about-someone,faq,What should I do this week?
cant-stop-thinking-about-someone,faq,Where does this belong with a professional rather than a page like this?
cant-stop-thinking-about-someone,h2,Where Did the Word Limerence Come From?
cant-stop-thinking-about-someone,h2,When Does This Belong With Somebody Qualified Rather Than a Page Like This?
cant-stop-thinking-about-someone,h2,Is Anything Actually Wrong With You?
cant-stop-thinking-about-someone,h2,How Good Is the Evidence Behind the Word Limerence?
cant-stop-thinking-about-someone,h2,Is There a Reliable Test or Questionnaire for Limerence?
cant-stop-thinking-about-someone,h2,"If the Label Is Thin, What Is Better Evidenced?"
cant-stop-thinking-about-someone,h2,Why Does the Least Available Person Produce the Most Thought?
cant-stop-thinking-about-someone,h2,Why Is the Fantasy So Detailed When the Real Conversations Are So Thin?
cant-stop-thinking-about-someone,h2,"Which Part of This Is Involuntary, and Which Part Is Chosen?"
cant-stop-thinking-about-someone,h2,Why Do Two People Think About a Near Stranger for Completely Different Reasons?
cant-stop-thinking-about-someone,h2,What If This Is Ordinary Attraction Running Hot?
cant-stop-thinking-about-someone,h2,What If the Uncertainty Itself Is Doing the Work?
cant-stop-thinking-about-someone,h2,What If They Are Holding a Life You Want Rather Than Being Themselves?
cant-stop-thinking-about-someone,h2,What If This Arrived Because Something Else Became Unbearable?
cant-stop-thinking-about-someone,h2,What If This Is a Real Connection That Circumstances Have Made Impossible?
cant-stop-thinking-about-someone,h2,"Which of the Five Is Yours, and How Would You Know?"
cant-stop-thinking-about-someone,h2,"Why Do No Contact, Blocking, and Distraction Keep Failing?"
cant-stop-thinking-about-someone,h2,"What Does This Actually Cost, If Anything?"
cant-stop-thinking-about-someone,h2,Where Does This Stop and Something Else Begin?
cant-stop-thinking-about-someone,h2,What Does the Settled Version Look Like on an Ordinary Thursday?
cant-stop-thinking-about-someone,h2,"How Long Does This Take, Honestly?"
cant-stop-thinking-about-someone,h2,"What Is Worth Doing This Week, Before You Change Anything?"
avoidant-attachment,faq,Is avoidant attachment a real diagnosis?
avoidant-attachment,faq,Is avoidant attachment the same as not caring about people?
avoidant-attachment,faq,"Is avoidant attachment caused by abuse, or can plain neglect cause it too?"
avoidant-attachment,faq,What are the signs of avoidant attachment in children?
avoidant-attachment,faq,Can parents do anything to prevent avoidant attachment in their child?
avoidant-attachment,faq,Why did I suddenly notice everything wrong with my partner right after things got serious?
avoidant-attachment,faq,Am I avoidant or just not that into this person?
avoidant-attachment,faq,"Is wanting a lot of alone time a sign of avoidant attachment, or just introversion?"
avoidant-attachment,faq,Why can't I say I love you back even when I mean it?
avoidant-attachment,faq,Why do I feel suffocated by attention other people would find sweet?
avoidant-attachment,faq,"Why do I prefer texting to calling, even with people I like?"
avoidant-attachment,faq,Why do I ghost people I actually like?
avoidant-attachment,faq,Why do I feel relieved in the first days after a breakup?
avoidant-attachment,faq,Why do I feel more honest with strangers than with people close to me?
avoidant-attachment,faq,Can you be avoidant with romantic partners but fine with friends?
avoidant-attachment,faq,Can an avoidant person and an anxious person actually make a relationship work?
avoidant-attachment,faq,Can two avoidant people date each other and have it work?
avoidant-attachment,faq,Does having kids make somebody less avoidant?
avoidant-attachment,faq,"Can therapy actually change this, or is it permanent?"
avoidant-attachment,faq,Why does my partner call me cold when I do not feel cold on the inside?
avoidant-attachment,faq,What are the signs of avoidant attachment?
avoidant-attachment,faq,What is an avoidant attached person actually like?
avoidant-attachment,faq,Why does my partner describe our arguments completely differently than I do?
avoidant-attachment,faq,Is avoidant attachment the same as avoidant personality disorder?
avoidant-attachment,faq,How common is avoidant attachment?
avoidant-attachment,faq,Is there a test that tells you if you have an avoidant attachment style?
avoidant-attachment,faq,Can avoidant attachment develop later in life?
avoidant-attachment,faq,Do avoidant people know they are doing it?
avoidant-attachment,faq,Why do I want closeness and panic the moment it arrives?
avoidant-attachment,faq,Do avoidants fall in love?
avoidant-attachment,faq,Can avoidant attachment look like narcissism?
avoidant-attachment,faq,Is avoidant attachment a red flag in dating?
avoidant-attachment,faq,Do avoidant people cheat more?
avoidant-attachment,faq,What does somebody in this pattern actually need from a partner?
avoidant-attachment,faq,Why do avoidant people come back after they disappear?
avoidant-attachment,faq,How do you say goodbye to an avoidant?
avoidant-attachment,h2,What Does Avoidant Attachment Sound Like From the Inside?
avoidant-attachment,h2,When Does This Belong With a Professional Rather Than a Page Like This?
avoidant-attachment,h2,Where Does Avoidant Attachment Actually Come From?
avoidant-attachment,h2,How Does Deactivation Actually Work?
avoidant-attachment,h2,Why Does Just Open Up Fail So Reliably?
avoidant-attachment,h2,Is This Avoidant Attachment or Genuine Independence?
avoidant-attachment,h2,Where Does It Hide When You Would Not Call It Avoidance?
avoidant-attachment,h2,What Signs Would I Notice in Myself or With a Romantic Partner?
avoidant-attachment,h2,Why Do Avoidant and Anxious Partners Find Each Other So Reliably?
avoidant-attachment,h2,What Is the Difference Between Dismissive and Fearful Avoidance?
avoidant-attachment,h2,Does Somebody in This Pattern Actually Not Care?
avoidant-attachment,h2,What Does the Secure End Actually Look Like?
avoidant-attachment,h2,What Actually Loosens Deactivation?
avoidant-attachment,h2,What Happens to Your Relationships While You Practice This?
avoidant-attachment,h2,"How Long Does This Take, Honestly?"
avoidant-attachment,h2,Where Does This Thinking Come From?
avoidant-attachment,h2,"What Is One Thing to Do Today, Before You Decide Anything About Anybody?"
coming-on-too-strong,faq,Why do I come on too strong at the start of relationships?
coming-on-too-strong,faq,What is love bombing?
coming-on-too-strong,faq,Can you love bomb someone without meaning to?
coming-on-too-strong,faq,Is coming on too strong the same as love bombing?
coming-on-too-strong,faq,Where did the term love bombing come from?
coming-on-too-strong,faq,Is there real research behind love bombing?
coming-on-too-strong,faq,How much should I trust the love bombing checklists online?
coming-on-too-strong,faq,Someone told me I was too intense. Were they right?
coming-on-too-strong,faq,Does this mean my feelings were fake?
coming-on-too-strong,faq,Why do I send another message when they go quiet?
coming-on-too-strong,faq,Why does someone pulling back make me try harder?
coming-on-too-strong,faq,Is intense early attraction normal?
coming-on-too-strong,faq,Is love at first sight real?
coming-on-too-strong,faq,Why can nobody tell whether I meant it?
coming-on-too-strong,faq,What is the difference between an escalation they are matching and one they are not?
coming-on-too-strong,faq,Is it wrong to plan a trip early in a relationship?
coming-on-too-strong,faq,Why do I say I love you too early?
coming-on-too-strong,faq,Why do I give something early that is too big for what exists?
coming-on-too-strong,faq,How do I know if my intensity is actually a problem?
coming-on-too-strong,faq,Should I just slow down?
coming-on-too-strong,faq,Why has deciding to hold back never worked before?
coming-on-too-strong,faq,What does this actually cost the other person?
coming-on-too-strong,faq,What if I only do this with one particular person?
coming-on-too-strong,faq,Does this happen in friendships too?
coming-on-too-strong,faq,Am I anxiously attached?
coming-on-too-strong,faq,Why do people accuse me of this when I was completely sincere?
coming-on-too-strong,faq,How do I answer someone who says I love bombed them?
coming-on-too-strong,faq,What if I was actually calculating something?
coming-on-too-strong,faq,What do I owe someone I came on too strong with?
coming-on-too-strong,faq,Will I ever stop feeling things this fast?
coming-on-too-strong,faq,"How long does this take to change, honestly?"
coming-on-too-strong,faq,What is the one thing to do before my next message?
coming-on-too-strong,h2,"What Is Love Bombing, and Where Did the Word Actually Come From?"
coming-on-too-strong,h2,When Does This Belong With Somebody Qualified Rather Than a Page Like This?
coming-on-too-strong,h2,Is Anything Actually Wrong With You for Feeling This Much?
coming-on-too-strong,h2,How Much Evidence Is Actually Behind the Word You Have Been Handed?
coming-on-too-strong,h2,Why Can Nobody Tell From the Outside Which One You Are?
coming-on-too-strong,h2,What Is the One Difference That Is Actually Checkable?
coming-on-too-strong,h2,Why Does Their Going Quiet Make You Send More Rather Than Less?
coming-on-too-strong,h2,Which Part of This Did You Actually Choose?
coming-on-too-strong,h2,Why Do Five People Come On Too Strong for Completely Different Reasons?
coming-on-too-strong,h2,What If This Is Ordinary Early Intensity and Nothing Else?
coming-on-too-strong,h2,What If More Is the Only Thing You Know How to Send?
coming-on-too-strong,h2,What If You Are Trying to Get It Settled Before It Can Be Lost?
coming-on-too-strong,h2,What If the Giving Was About You Rather Than About Them?
coming-on-too-strong,h2,What If You Read Something Real That They Did Not Read Back?
coming-on-too-strong,h2,"Which of the Five Is Yours, and What Separates Them?"
coming-on-too-strong,h2,Why Do I Come On Too Strong With Dates but Not With Friends or Coworkers?
coming-on-too-strong,h2,What Does This Actually Cost the Other Person?
coming-on-too-strong,h2,Where Does This Stop and Something Else Begin?
coming-on-too-strong,h2,"What Does This Cost You, If Anything?"
coming-on-too-strong,h2,Why Does Deciding to Slow Down Never Work?
coming-on-too-strong,h2,What Does the Settled Version Actually Look Like?
coming-on-too-strong,h2,"How Long Does This Take, Honestly?"
coming-on-too-strong,h2,What Is Worth Doing Before Your Next Message?
doomscrolling,faq,What is doomscrolling?
doomscrolling,faq,What is doom scrolling in simple terms?
doomscrolling,faq,Is it spelled doomscrolling or doom scrolling?
doomscrolling,faq,Where does the word doomscrolling come from?
doomscrolling,faq,Why do I keep scrolling things that make me feel worse?
doomscrolling,faq,Is doomscrolling a mental illness?
doomscrolling,faq,Is doomscrolling an addiction?
doomscrolling,faq,What does doomscrolling do to your brain?
doomscrolling,faq,Why do I doomscroll at night specifically?
doomscrolling,faq,Why do I reach for my phone before I'm even awake?
doomscrolling,faq,Is doomscrolling bad for you?
doomscrolling,faq,What is the difference between staying informed and doomscrolling?
doomscrolling,faq,Is checking my own numbers all day the same thing as doomscrolling?
doomscrolling,faq,How much news is too much?
doomscrolling,faq,Why can't I stop even when I feel physically sick?
doomscrolling,faq,Why does deleting the app not work?
doomscrolling,faq,Do screen time limits help?
doomscrolling,faq,Should I quit social media completely?
doomscrolling,faq,What happens in the first week after I stop?
doomscrolling,faq,Will I miss something important if I stop?
doomscrolling,faq,Why do I feel guilty afterward?
doomscrolling,faq,Is doomscrolling a sign that I care more than other people?
doomscrolling,faq,Why do I doomscroll about one specific topic or person?
doomscrolling,faq,Why does it get worse when I'm stressed?
doomscrolling,faq,"Is my bad sleep causing the scrolling, or the other way around?"
doomscrolling,faq,My partner says I'm always on my phone. Are they right?
doomscrolling,faq,"Do I need to heal something, or just build a different habit?"
doomscrolling,faq,Why does understanding why I do it change nothing?
doomscrolling,faq,How long does it take to stop doomscrolling?
doomscrolling,faq,What should I do instead of scrolling in bed?
doomscrolling,faq,Is doomscrolling worse than scrolling anything else?
doomscrolling,faq,Does anyone actually stop doing this permanently?
doomscrolling,faq,When should I talk to a professional about this?
doomscrolling,h2,What does doomscrolling feel like from the inside?
doomscrolling,h2,What is doomscrolling?
doomscrolling,h2,When is this more than a habit?
doomscrolling,h2,What does hours of doomscrolling do to my brain and my view of the world?
doomscrolling,h2,Why is it always at night?
doomscrolling,h2,Why do two people doomscroll identically for completely different reasons?
doomscrolling,h2,What separates staying informed from doomscrolling?
doomscrolling,h2,What if the feed you cannot leave is your own numbers?
doomscrolling,h2,Why does deleting the app not fix it?
doomscrolling,h2,Do screen-time limits actually work for doomscrolling?
doomscrolling,h2,Why does understanding all of this change nothing on its own?
doomscrolling,h2,What happens if you just cut it out?
doomscrolling,h2,Do you need to heal something or just build a different night?
doomscrolling,h2,What does the resolved side of this actually look like?
doomscrolling,h2,How do you change this without a purge that collapses in nine days?
doomscrolling,h2,My partner says I am never present because I am always on my phone. What should I do?
doomscrolling,h2,"How long does this take, honestly?"
doomscrolling,h2,"What is worth doing tonight, before you change anything else?"
daydreaming,faq,Why do I disappear into daydreams instead of living my actual life?
daydreaming,faq,What is maladaptive daydreaming?
daydreaming,faq,Is maladaptive daydreaming a real disorder?
daydreaming,faq,Who came up with the term maladaptive daydreaming?
daydreaming,faq,What is the Maladaptive Daydreaming Scale?
daydreaming,faq,Is there a real maladaptive daydreaming test?
daydreaming,faq,What is the difference between normal daydreaming and maladaptive daydreaming?
daydreaming,faq,What is immersive daydreaming?
daydreaming,faq,How many hours a day do heavy daydreamers spend in there?
daydreaming,faq,Why does music trigger my daydreaming?
daydreaming,faq,"Why do I pace, rock, or move my hands while I daydream?"
daydreaming,faq,Is this the same as zoning out or losing track of where I am?
daydreaming,faq,Is daydreaming a coping mechanism?
daydreaming,faq,"Why are my daydreams so detailed, with the same characters for years?"
daydreaming,faq,"Why do I daydream about being rescued, chosen, or admired?"
daydreaming,faq,Why do I daydream about people I know in real life?
daydreaming,faq,Do I have to give up my daydreams to fix this?
daydreaming,faq,How do I stop maladaptive daydreaming?
daydreaming,faq,Why does forcing myself to stop make everything worse?
daydreaming,faq,Can maladaptive daydreaming be cured?
daydreaming,faq,How long does it take to change this?
daydreaming,faq,Is daydreaming bad for you?
daydreaming,faq,Is heavy daydreaming a sign of creativity or intelligence?
daydreaming,faq,"Why do I daydream most at night, right before sleep?"
daydreaming,faq,Why do I daydream constantly at work?
daydreaming,faq,Does this get worse with age?
daydreaming,faq,Do children daydream like this?
daydreaming,faq,Why am I so ashamed of how much I daydream?
daydreaming,faq,Should I tell anyone about this?
daydreaming,faq,When does this belong with a professional rather than a practice you run yourself?
daydreaming,faq,Why did the technique that worked for someone else do nothing for me?
daydreaming,faq,Is daydreaming the same thing as escapism?
daydreaming,faq,What does the resolved version of this look like day to day?
daydreaming,faq,Can I use the daydreaming for something instead of losing it?
daydreaming,faq,Why do I feel exhausted after a day of doing nothing but daydreaming?
daydreaming,h2,What Does Daydreaming Actually Look Like From the Inside?
daydreaming,h2,Why Do My Daydreams Have the Same Characters and Storylines for Years?
daydreaming,h2,Why Is the Daydream More Compelling Than the Real Day?
daydreaming,h2,What Is Maladaptive Daydreaming?
daydreaming,h2,Is Vivid Daydreaming the Same Thing as Zoning Out or Losing Awareness?
daydreaming,h2,How Do You Tell Ordinary Daydreaming From the Kind That Costs You?
daydreaming,h2,Why Do Two People Daydream the Same Way for Completely Different Reasons?
daydreaming,h2,Why Does Forcing Yourself to Stop Move the Problem Somewhere Else?
daydreaming,h2,Why Do I Daydream Constantly at Work but Much Less When I Am With Other People?
daydreaming,h2,Where Did This Get Installed?
daydreaming,h2,"Why Do Music, Pacing, and Headphones Set It Off?"
daydreaming,h2,When Does This Belong With a Professional Rather Than a Practice?
daydreaming,h2,What Does the Resolved Side of This Actually Look Like?
daydreaming,h2,How Do You Get the Hours Back Without Losing the Imagination?
daydreaming,h2,What Should I Say to My Partner When My Daydreaming Makes Them Feel Ignored?
daydreaming,h2,"How Long Does This Take, Honestly?"
daydreaming,h2,"What Is Worth Doing Tonight, Before Any Bigger Decision?"
relationships-that-never-become-relationships,faq,Why do I keep ending up in relationships that never become real relationships?
relationships-that-never-become-relationships,faq,"What is a situationship, exactly?"
relationships-that-never-become-relationships,faq,Is situationship a real research term?
relationships-that-never-become-relationships,faq,Is there a test or a scale for this?
relationships-that-never-become-relationships,faq,How long does the average situationship last?
relationships-that-never-become-relationships,faq,Why does not knowing hurt more than being told no?
relationships-that-never-become-relationships,faq,What is relational uncertainty?
relationships-that-never-become-relationships,faq,"Am I overthinking this, or is the ambiguity actually the problem?"
relationships-that-never-become-relationships,faq,Is it wrong to want something casual?
relationships-that-never-become-relationships,faq,How do I know whether I chose this or fell into it?
relationships-that-never-become-relationships,faq,Why can't I just ask them what we are?
relationships-that-never-become-relationships,faq,Should I give them an ultimatum?
relationships-that-never-become-relationships,faq,Why do I describe them to friends with a qualifier?
relationships-that-never-become-relationships,faq,What is sliding versus deciding?
relationships-that-never-become-relationships,faq,Is the ambiguity their fault or mine?
relationships-that-never-become-relationships,faq,Why do I know their coffee order and not their sister's name?
relationships-that-never-become-relationships,faq,Why does leaving feel like wasting the time I already put in?
relationships-that-never-become-relationships,faq,Why do I keep a private count of how long this has been going on?
relationships-that-never-become-relationships,faq,Does talking about it always ruin it?
relationships-that-never-become-relationships,faq,What if this is genuinely better than my alternatives right now?
relationships-that-never-become-relationships,faq,"Why do I feel worse after we see each other, not better?"
relationships-that-never-become-relationships,faq,Is this the same as being breadcrumbed?
relationships-that-never-become-relationships,faq,Is this the same as being obsessed with someone I barely know?
relationships-that-never-become-relationships,faq,How do I stop attracting people who will not commit?
relationships-that-never-become-relationships,faq,Does defining the relationship actually fix anything?
relationships-that-never-become-relationships,faq,How long does this take to change?
relationships-that-never-become-relationships,faq,What if they say they do not want a label but act like a partner?
relationships-that-never-become-relationships,faq,Is a situationship ever a good idea?
relationships-that-never-become-relationships,faq,Why does everyone else seem to find this simple?
relationships-that-never-become-relationships,faq,What should I do this week?
relationships-that-never-become-relationships,faq,When does this belong with a professional rather than a page like this?
relationships-that-never-become-relationships,h2,What Does Seven Months of This Actually Look Like From the Inside?
relationships-that-never-become-relationships,h2,"What Is a Situationship, and How Much Research Is Actually Underneath the Word?"
relationships-that-never-become-relationships,h2,"How Long Does the Average Situationship Last, and How Often Do They Become Relationships?"
relationships-that-never-become-relationships,h2,When Does This Belong With Somebody Qualified Rather Than a Page Like This?
relationships-that-never-become-relationships,h2,Can an Undefined Relationship Be a Healthy Choice for an Adult?
relationships-that-never-become-relationships,h2,Why Does Not Knowing Hurt More Than a Clear No Would?
relationships-that-never-become-relationships,h2,What Makes a Conversation About This a Turning Point Rather Than a Formality?
relationships-that-never-become-relationships,h2,Who Is Actually Keeping This Undefined?
relationships-that-never-become-relationships,h2,"Which Part of This Was Drift, and Which Part Is Chosen?"
relationships-that-never-become-relationships,h2,Why Do Two People End Up Here for Completely Different Reasons?
relationships-that-never-become-relationships,h2,What If You Genuinely Wanted Something Light?
relationships-that-never-become-relationships,h2,What If the Ambiguity Is Protecting You From Being Rejected?
relationships-that-never-become-relationships,h2,What If You Do Not Actually Know What You Want?
relationships-that-never-become-relationships,h2,What If This Is Genuinely Better Than Your Alternatives Right Now?
relationships-that-never-become-relationships,h2,What If the Effort You Have Already Put In Is What Is Keeping You Here?
relationships-that-never-become-relationships,h2,"Which of the Five Is Yours, and What Separates Them?"
relationships-that-never-become-relationships,h2,Why Do I Keep Ending Up in Undefined Relationships With Different People?
relationships-that-never-become-relationships,h2,How Do You Tell the Ambiguity You Chose From the Ambiguity You Are Enduring?
relationships-that-never-become-relationships,h2,"Why Does the Ultimatum Fail, and Why Does Waiting Fail Too?"
relationships-that-never-become-relationships,h2,"What Does This Actually Cost, If Anything?"
relationships-that-never-become-relationships,h2,Where Does This Stop and Something Else Begin?
relationships-that-never-become-relationships,h2,What Does the Settled Version of This Look Like From the Outside?
relationships-that-never-become-relationships,h2,"How Long Does This Take, Honestly?"
relationships-that-never-become-relationships,h2,"What Is Worth Doing This Week, Before You Change Anything?"
anxious-attachment-style,faq,What is anxious attachment style?
anxious-attachment-style,faq,What causes anxious attachment?
anxious-attachment-style,faq,What are the signs of anxious attachment in a relationship?
anxious-attachment-style,faq,Is anxious attachment the same as being clingy?
anxious-attachment-style,faq,Why does reassurance stop working so quickly?
anxious-attachment-style,faq,What is the difference between anxious and avoidant attachment?
anxious-attachment-style,faq,Why do anxiously attached people end up with avoidant partners?
anxious-attachment-style,faq,"Can anxious attachment change, or is it fixed?"
anxious-attachment-style,faq,What does earned security actually look like day to day?
anxious-attachment-style,faq,Does anxious attachment go away in the right relationship?
anxious-attachment-style,faq,How do I tell my partner about this without making it their job?
anxious-attachment-style,faq,When should this be worked on with a professional instead of alone?
anxious-attachment-style,faq,How do you fix an anxious attachment style?
anxious-attachment-style,faq,What is the hardest attachment style to live with?
anxious-attachment-style,faq,What triggers anxious attachment?
anxious-attachment-style,faq,Is anxious attachment a mental illness or a diagnosis?
anxious-attachment-style,faq,Is anxious attachment the same as being insecure?
anxious-attachment-style,faq,Is preoccupied attachment the same as anxious attachment?
anxious-attachment-style,faq,What is anxious-avoidant or fearful attachment?
anxious-attachment-style,faq,What is the difference between anxious attachment and borderline personality disorder?
anxious-attachment-style,faq,How common is anxious attachment?
anxious-attachment-style,faq,Is there a test that tells you if you have an anxious attachment style?
anxious-attachment-style,faq,"Is what I feel love, or is it anxiety?"
anxious-attachment-style,faq,Is anxious attachment toxic to a partner?
anxious-attachment-style,faq,What does an anxiously attached person actually need?
anxious-attachment-style,faq,How much reassurance is it reasonable to ask for?
anxious-attachment-style,faq,How do I support a partner with anxious attachment?
anxious-attachment-style,faq,Can two anxiously attached people be in a relationship together?
anxious-attachment-style,faq,Can an anxious and an avoidant partner make it work?
anxious-attachment-style,faq,Can an anxious attachment style turn into an avoidant one?
anxious-attachment-style,faq,Does anxious attachment show up in friendships too?
anxious-attachment-style,faq,How does anxious attachment show up in early dating?
anxious-attachment-style,faq,What does anxious attachment look like in a child?
anxious-attachment-style,h2,What Does Anxious Attachment Sound Like From the Inside?
anxious-attachment-style,h2,When Does This Belong With a Professional Rather Than a Practice?
anxious-attachment-style,h2,Where Does Anxious Attachment Actually Come From?
anxious-attachment-style,h2,What Is the Reaching Actually Protecting You From?
anxious-attachment-style,h2,What Does Anxious Attachment Look Like Inside a Real Relationship?
anxious-attachment-style,h2,How Is Anxious Attachment Different From Avoidant and Secure Patterns?
anxious-attachment-style,h2,Is There a Validated Questionnaire That Measures Anxious Attachment?
anxious-attachment-style,h2,Why Does Reassurance Stop Working Almost Immediately?
anxious-attachment-style,h2,Does Anxious Attachment Mean Something Is Broken in You?
anxious-attachment-style,h2,What Does Earned Security Actually Look Like?
anxious-attachment-style,h2,How Do You Move Toward It Without Blowing Up Your Relationship?
anxious-attachment-style,h2,What Happens to the Relationship While You Practice This?
anxious-attachment-style,h2,"How Long Does This Take, Honestly?"
anxious-attachment-style,h2,"What Is One Thing to Do Today, Before You Change Anything Bigger?"
falling-for-the-idea-of-a-person,faq,Why do I fall for the idea of someone before I know who they are?
falling-for-the-idea-of-a-person,faq,What does hopeless romantic actually mean?
falling-for-the-idea-of-a-person,faq,Is hopeless romantic a real psychological term?
falling-for-the-idea-of-a-person,faq,Is idealizing someone a bad thing?
falling-for-the-idea-of-a-person,faq,Why is the picture stronger when I know less about them?
falling-for-the-idea-of-a-person,faq,Am I in love with them or with my idea of them?
falling-for-the-idea-of-a-person,faq,Why does the disappointment feel like a betrayal when they did nothing?
falling-for-the-idea-of-a-person,faq,Did they lead me on?
falling-for-the-idea-of-a-person,faq,Was the feeling fake?
falling-for-the-idea-of-a-person,faq,Why do I build a whole future after three conversations?
falling-for-the-idea-of-a-person,faq,Should I just slow down?
falling-for-the-idea-of-a-person,faq,Is this the same as limerence?
falling-for-the-idea-of-a-person,faq,How is this different from an ordinary crush?
falling-for-the-idea-of-a-person,faq,Why do the qualities I imagine always match what I am missing?
falling-for-the-idea-of-a-person,faq,Why does the imagined version make no demands?
falling-for-the-idea-of-a-person,faq,Why do I do it again when I can see myself doing it?
falling-for-the-idea-of-a-person,faq,Does idealization predict a relationship going well or badly?
falling-for-the-idea-of-a-person,faq,What is assumed similarity?
falling-for-the-idea-of-a-person,faq,Why does getting to know them properly deflate it?
falling-for-the-idea-of-a-person,faq,Is this a red flag about the other person?
falling-for-the-idea-of-a-person,faq,Why does a short first conversation feel so predictive?
falling-for-the-idea-of-a-person,faq,Can two people do this for completely different reasons?
falling-for-the-idea-of-a-person,faq,What do I actually write down?
falling-for-the-idea-of-a-person,faq,Does this mean I am shallow or naive?
falling-for-the-idea-of-a-person,faq,Why is the speed part of the appeal?
falling-for-the-idea-of-a-person,faq,Am I using people as a stand-in for a life I want?
falling-for-the-idea-of-a-person,faq,Does this happen outside romance?
falling-for-the-idea-of-a-person,faq,Why do I lose interest once they become available?
falling-for-the-idea-of-a-person,faq,What if the version I built turned out to be mostly accurate?
falling-for-the-idea-of-a-person,faq,Is there a name for this that a professional would use?
falling-for-the-idea-of-a-person,faq,Why does the picture repair itself after they disappoint me?
falling-for-the-idea-of-a-person,faq,"How long does this take to change, honestly?"
falling-for-the-idea-of-a-person,faq,Where does this belong with a professional rather than a page like this?
falling-for-the-idea-of-a-person,h2,"What Do People Mean by Hopeless Romantic, and How Much Is Behind the Phrase?"
falling-for-the-idea-of-a-person,h2,When Does This Belong With Somebody Qualified Rather Than a Page Like This?
falling-for-the-idea-of-a-person,h2,Is Anything Actually Wrong With You for Doing This?
falling-for-the-idea-of-a-person,h2,Why Do I Fall for an Idea of Someone Before I Really Know Them?
falling-for-the-idea-of-a-person,h2,Why Is the Picture Stronger When You Know Less?
falling-for-the-idea-of-a-person,h2,"What Do You Actually Know, and What Did You Supply?"
falling-for-the-idea-of-a-person,h2,Does Building Someone Up Help a Relationship or Damage It?
falling-for-the-idea-of-a-person,h2,Why Does a Short First Conversation Feel So Predictive?
falling-for-the-idea-of-a-person,h2,Why Does the Disappointment Feel Like a Betrayal When Nobody Did Anything?
falling-for-the-idea-of-a-person,h2,Why Do Two People Build the Same Future for Completely Different Reasons?
falling-for-the-idea-of-a-person,h2,What If This Is Ordinary Early Attraction Doing Exactly What It Does?
falling-for-the-idea-of-a-person,h2,What If the Gap Is Being Filled With Your Own Material?
falling-for-the-idea-of-a-person,h2,What If the Idea Is Simply More Manageable Than a Person?
falling-for-the-idea-of-a-person,h2,What If They Are Standing In for Something That Is Not About Romance at All?
falling-for-the-idea-of-a-person,h2,What If the Speed Is the Whole Point?
falling-for-the-idea-of-a-person,h2,"Which of the Five Built Yours, and What Tells Them Apart?"
falling-for-the-idea-of-a-person,h2,Why Does Deciding to Slow Down Never Do Anything?
falling-for-the-idea-of-a-person,h2,"What Part of This Is Automatic, and What Part Did You Choose?"
falling-for-the-idea-of-a-person,h2,Why Do You Do It Again While Watching Yourself Do It?
falling-for-the-idea-of-a-person,h2,Where Does This Stop and Something Else Begin?
falling-for-the-idea-of-a-person,h2,"What Does This Actually Cost, If Anything?"
falling-for-the-idea-of-a-person,h2,"What Changes, and What Keeps Happening Anyway?"
falling-for-the-idea-of-a-person,h2,"How Long Does This Take, Honestly?"
falling-for-the-idea-of-a-person,h2,"What Is Worth Doing This Week, Before You Change Anything?"
the-lesser-person-in-the-room,faq,Why do I know I am the least impressive person in the room before anyone has spoken?
the-lesser-person-in-the-room,faq,What is an inferiority complex?
the-lesser-person-in-the-room,faq,Is an inferiority complex a real psychological condition?
the-lesser-person-in-the-room,faq,Did Adler think feeling inferior was a problem?
the-lesser-person-in-the-room,faq,Does feeling inferior mean I secretly feel superior?
the-lesser-person-in-the-room,faq,Why does the position arrive before I have any evidence?
the-lesser-person-in-the-room,faq,Is comparing yourself to a room normal?
the-lesser-person-in-the-room,faq,Why does a small room matter more than my actual record?
the-lesser-person-in-the-room,faq,Why do I feel smaller in a strong room even though I have not changed?
the-lesser-person-in-the-room,faq,What if I really am the least experienced person in the room?
the-lesser-person-in-the-room,faq,Why does the position decide how much I say?
the-lesser-person-in-the-room,faq,Why do I go quiet in meetings when I have something useful to say?
the-lesser-person-in-the-room,faq,Is this the same as feeling not good enough?
the-lesser-person-in-the-room,faq,Is this the same as impostor feelings?
the-lesser-person-in-the-room,faq,Is this the same as not belonging?
the-lesser-person-in-the-room,faq,Why does it get worse the more qualified the room is?
the-lesser-person-in-the-room,faq,Why does one impressive person inspire me and another one flattens me?
the-lesser-person-in-the-room,faq,Why do I rank myself against people I will never see again?
the-lesser-person-in-the-room,faq,Why do I feel this most in the first minute?
the-lesser-person-in-the-room,faq,Does being underneath ever come with a benefit?
the-lesser-person-in-the-room,faq,Is this just low self-esteem by another name?
the-lesser-person-in-the-room,faq,Why does knowing this is irrational not stop it?
the-lesser-person-in-the-room,faq,Will affirmations or confidence exercises fix this?
the-lesser-person-in-the-room,faq,What about comparing myself to who I was last year instead?
the-lesser-person-in-the-room,faq,How do I tell which root is mine?
the-lesser-person-in-the-room,faq,What actually changes this?
the-lesser-person-in-the-room,faq,What does it cost if nothing changes?
the-lesser-person-in-the-room,faq,Why does staying quiet make the position feel more true?
the-lesser-person-in-the-room,faq,What does the settled version look like?
the-lesser-person-in-the-room,faq,How long does this take?
the-lesser-person-in-the-room,faq,Somebody told me I am too hard on myself. Is that useful?
the-lesser-person-in-the-room,faq,When does this belong with a licensed professional rather than a page?
the-lesser-person-in-the-room,h2,What Does This Look Like in the First Minute of a Room?
the-lesser-person-in-the-room,h2,"What Is the Name for This, and How Much of It Holds Up?"
the-lesser-person-in-the-room,h2,When Does This Belong With Somebody Qualified Rather Than a Page Like This?
the-lesser-person-in-the-room,h2,Why Does the Placing Finish Before Any Evidence Arrives?
the-lesser-person-in-the-room,h2,Is Sorting Yourself Into a Room Actually Unusual?
the-lesser-person-in-the-room,h2,Why Does a Small Room Outweigh Everything You Know About Yourself?
the-lesser-person-in-the-room,h2,Why Do Two People Arrive at the Same Position for Completely Different Reasons?
the-lesser-person-in-the-room,h2,What If You Genuinely Are the Least Experienced Person There?
the-lesser-person-in-the-room,h2,What If the Ranking Was Done for You Early and Now Runs on Its Own?
the-lesser-person-in-the-room,h2,What If Competence Is the Only Currency You Were Ever Valued In?
the-lesser-person-in-the-room,h2,"Is ""I Am Just Being Realistic About Where I Stand"" an Explanation or an Excuse?"
the-lesser-person-in-the-room,h2,"Which of the Five Is Yours, and What Would Separate Them?"
the-lesser-person-in-the-room,h2,What Is the Difference Between the Placing and the Thirty Seconds After It?
the-lesser-person-in-the-room,h2,"Why Do I Stay Quiet With My Boss Even When I Have the Answer, and Then Feel Even Less Credible?"
the-lesser-person-in-the-room,h2,Why Does One Strong Room Flatten You and Another One Lift You?
the-lesser-person-in-the-room,h2,Where Does This Hide When It Does Not Look Like Feeling Inferior?
the-lesser-person-in-the-room,h2,"What Does This Cost, and Who Ends Up Short?"
the-lesser-person-in-the-room,h2,Why Do Affirmations and Comparing Yourself to Yesterday Fail Here?
the-lesser-person-in-the-room,h2,What Do You Do When Somebody Tells You That You Are Too Hard on Yourself?
the-lesser-person-in-the-room,h2,How Good Is the Evidence Behind Any of This?
the-lesser-person-in-the-room,h2,"Is This the Same as Feeling Not Good Enough, Not Belonging, or Feeling Like a Fraud?"
the-lesser-person-in-the-room,h2,What Actually Moves This?
the-lesser-person-in-the-room,h2,What Does the Settled Version Look Like on an Ordinary Wednesday?
the-lesser-person-in-the-room,h2,"How Long Does This Take, Honestly?"
the-lesser-person-in-the-room,h2,Where Does This Thinking Come From?
the-lesser-person-in-the-room,h2,"What Is Worth Doing This Week, Before You Decide Anything About Yourself?"
breadcrumbing,faq,Why do I keep someone interested when I have no intention of choosing them?
breadcrumbing,faq,What is breadcrumbing?
breadcrumbing,faq,Where does the term breadcrumbing come from?
breadcrumbing,faq,Is breadcrumbing a diagnosis?
breadcrumbing,faq,What does the research actually say about breadcrumbing?
breadcrumbing,faq,How common is breadcrumbing?
breadcrumbing,faq,What is the difference between breadcrumbing and ghosting?
breadcrumbing,faq,What is a back burner relationship?
breadcrumbing,faq,How many back burners does the average person keep?
breadcrumbing,faq,Is breadcrumbing the same as benching?
breadcrumbing,faq,Is watching someone's stories without messaging them a form of this?
breadcrumbing,faq,Am I breadcrumbing someone without realizing it?
breadcrumbing,faq,What is the difference between breadcrumbing and just being friendly?
breadcrumbing,faq,Is it still breadcrumbing if I genuinely like them?
breadcrumbing,faq,Can you breadcrumb someone by accident?
breadcrumbing,faq,Why do I only reach out when they start pulling away?
breadcrumbing,faq,Why do I panic when someone I keep at arm's length starts seeing somebody else?
breadcrumbing,faq,Does doing this make me a bad person?
breadcrumbing,faq,Why does their attention feel necessary when I do not even want them?
breadcrumbing,faq,Why do I do this while I am in a committed relationship?
breadcrumbing,faq,Why do I do this with friends and not only with dating?
breadcrumbing,faq,What exactly do I say to end it?
breadcrumbing,faq,Should I apologize to someone I have been breadcrumbing?
breadcrumbing,faq,Is it kinder to fade out slowly than to say something?
breadcrumbing,faq,Why do I feel worse right after I finally let someone go?
breadcrumbing,faq,What if I honestly do not know whether I want them?
breadcrumbing,faq,Why do I keep several people on a string at once?
breadcrumbing,faq,Does deleting the dating app fix this?
breadcrumbing,faq,Why did this come back after I stopped for months?
breadcrumbing,faq,How long does it take to change this?
breadcrumbing,faq,Why did advice that worked for someone else do nothing for me?
breadcrumbing,faq,"Is this just keeping your options open, which everyone does?"
breadcrumbing,faq,How do I tell whether I am doing this out of fear or out of not wanting them?
breadcrumbing,faq,What does the resolved version of this look like day to day?
breadcrumbing,faq,When does this belong with a professional rather than a practice you run yourself?
breadcrumbing,h2,What Does Breadcrumbing Actually Look Like From the Inside?
breadcrumbing,h2,Why Does the Message Go Out Exactly When They Start to Drift?
breadcrumbing,h2,What Is Breadcrumbing?
breadcrumbing,h2,How Do You Tell Ordinary Warmth From the Kind That Keeps Someone on a String?
breadcrumbing,h2,How Can I Tell if Someone Is Breadcrumbing Me Rather Than Genuinely Undecided?
breadcrumbing,h2,Why Do Two People Breadcrumb the Same Way for Completely Different Reasons?
breadcrumbing,h2,Why Would I Keep Back Burners While I Am Committed to a Partner?
breadcrumbing,h2,Why Does Forcing Yourself to Just Stop Move the Problem Somewhere Else?
breadcrumbing,h2,Where Did This Get Installed?
breadcrumbing,h2,"What Does This Actually Cost, on Both Sides?"
breadcrumbing,h2,When Does This Belong With a Professional Rather Than a Practice?
breadcrumbing,h2,What Does the Resolved Side of This Actually Look Like?
breadcrumbing,h2,How Do I Stop Breadcrumbing Someone Without Ghosting Them?
breadcrumbing,h2,"How Long Does This Take, Honestly?"
breadcrumbing,h2,"What Is Worth Doing Tonight, Before Any Bigger Decision?"
everyone-else-is-a-supporting-character,faq,What is main character syndrome?
everyone-else-is-a-supporting-character,faq,What does main character syndrome mean when people use it about somebody?
everyone-else-is-a-supporting-character,faq,Is main character syndrome real?
everyone-else-is-a-supporting-character,faq,Is main character syndrome a diagnosis?
everyone-else-is-a-supporting-character,faq,Is main character syndrome the same as being self-absorbed?
everyone-else-is-a-supporting-character,faq,Where did the phrase come from?
everyone-else-is-a-supporting-character,faq,What are the signs of main character syndrome?
everyone-else-is-a-supporting-character,faq,Is having main character syndrome bad?
everyone-else-is-a-supporting-character,faq,Can you have main character syndrome and low self-esteem at the same time?
everyone-else-is-a-supporting-character,faq,Why does it hurt when somebody does not react the way I expected?
everyone-else-is-a-supporting-character,faq,Why do I get upset when a friend's problem lands in my week?
everyone-else-is-a-supporting-character,faq,Is it selfish to want to be the center of my own life?
everyone-else-is-a-supporting-character,faq,What is the difference between this and ordinary confidence?
everyone-else-is-a-supporting-character,faq,Does romanticizing your life count as this?
everyone-else-is-a-supporting-character,faq,Why do I replay conversations and only remember my own lines?
everyone-else-is-a-supporting-character,faq,Is this the same as feeling like everybody is watching me?
everyone-else-is-a-supporting-character,faq,Somebody called me the main character. What do I do with that?
everyone-else-is-a-supporting-character,faq,Can two people in the same friendship both be doing this?
everyone-else-is-a-supporting-character,faq,Does social media cause this?
everyone-else-is-a-supporting-character,faq,Why do I feel let down after telling somebody good news?
everyone-else-is-a-supporting-character,faq,Is this a young person's thing?
everyone-else-is-a-supporting-character,faq,Do I have this if I daydream about being important?
everyone-else-is-a-supporting-character,faq,How do I stop treating people like supporting characters?
everyone-else-is-a-supporting-character,faq,What is the opposite of main character syndrome?
everyone-else-is-a-supporting-character,faq,Is wanting to be a side character unhealthy?
everyone-else-is-a-supporting-character,faq,Why do I feel worse when I try to stop thinking about myself?
everyone-else-is-a-supporting-character,faq,Should I see a professional about this?
everyone-else-is-a-supporting-character,faq,How long does this take to change?
everyone-else-is-a-supporting-character,faq,Is there a test for main character syndrome?
everyone-else-is-a-supporting-character,faq,Why does the accusation sting so much?
everyone-else-is-a-supporting-character,faq,What if I really am the one who does everything in my friendships?
everyone-else-is-a-supporting-character,faq,Can this affect a relationship?
everyone-else-is-a-supporting-character,faq,Why does a stranger's behavior feel personal?
everyone-else-is-a-supporting-character,faq,Is this just insecurity with a new name?
everyone-else-is-a-supporting-character,faq,Does knowing about this actually change anything?
everyone-else-is-a-supporting-character,h2,What Does This Actually Sound Like in Your Own Head?
everyone-else-is-a-supporting-character,h2,Why Do I Remember My Own Lines From a Conversation but Barely Remember What the Other Person Said?
everyone-else-is-a-supporting-character,h2,Why Does a Flat Reaction Land So Much Harder Than It Should?
everyone-else-is-a-supporting-character,h2,When Does This Belong With Somebody Qualified Rather Than a Page Like This?
everyone-else-is-a-supporting-character,h2,Is Narrating Your Own Life Actually a Fault?
everyone-else-is-a-supporting-character,h2,"What Is Main Character Syndrome, and What Does the Phrase Actually Cover?"
everyone-else-is-a-supporting-character,h2,"Where Did the Phrase Main Character Syndrome Come From, and When Did People Start Using It?"
everyone-else-is-a-supporting-character,h2,Why Is the Accusation Version of This Word Worth Refusing?
everyone-else-is-a-supporting-character,h2,My Partner Says I Make Everything About Me. How Do I Tell Whether They Have a Point?
everyone-else-is-a-supporting-character,h2,What Is the Difference Between Narrating and Casting?
everyone-else-is-a-supporting-character,h2,Why Does an Inattentive Listener Damage the Story and Not Only the Mood?
everyone-else-is-a-supporting-character,h2,Why Would Two People Land Here From Opposite Directions?
everyone-else-is-a-supporting-character,h2,Where Did the Habit of Narrating Get Built?
everyone-else-is-a-supporting-character,h2,"If Everybody Talks About Themselves, Why Does This Feel Shameful?"
everyone-else-is-a-supporting-character,h2,Where Does It Show Up When You Would Not Call It This?
everyone-else-is-a-supporting-character,h2,What Happens in the Seven Seconds After the Flat Reaction?
everyone-else-is-a-supporting-character,h2,How Do I Stop Treating My Friends Like Supporting Characters Without Making Myself Invisible?
everyone-else-is-a-supporting-character,h2,What Is Actually on Offer in Being a Minor Character?
everyone-else-is-a-supporting-character,h2,Why Do the Standard Fixes Fail Here?
everyone-else-is-a-supporting-character,h2,Where Does This Stop and Something Else Begin?
everyone-else-is-a-supporting-character,h2,"What Does the Evidence Actually Support, and Where Is It Thin?"
everyone-else-is-a-supporting-character,h2,Is There a Real Test or Validated Scale for Main Character Syndrome?
everyone-else-is-a-supporting-character,h2,What Does the Settled Version Look Like on a Normal Week?
everyone-else-is-a-supporting-character,h2,"How Long Does This Take, Honestly?"
everyone-else-is-a-supporting-character,h2,"What Is One Thing to Do This Week, Before You Decide Anything About Yourself?"
the-one-my-family-blames,faq,Why am I the one my family blames?
the-one-my-family-blames,faq,"Is being the family scapegoat a real thing, or am I imagining it?"
the-one-my-family-blames,faq,Where does the word scapegoat actually come from?
the-one-my-family-blames,faq,Is scapegoat a diagnosis?
the-one-my-family-blames,faq,Where does the family use of the word come from?
the-one-my-family-blames,faq,Has the word scapegoat been overused?
the-one-my-family-blames,faq,"Are the scapegoat, golden child and lost child checklists any good?"
the-one-my-family-blames,faq,Why does a family concentrate blame on one person instead of spreading it?
the-one-my-family-blames,faq,What is the black sheep effect?
the-one-my-family-blames,faq,"Is this a role, or is it something about me?"
the-one-my-family-blames,faq,Why does the same story about me keep getting told?
the-one-my-family-blames,faq,Why doesn't proving the story wrong change anything?
the-one-my-family-blames,faq,Can my family be doing this without meaning to?
the-one-my-family-blames,faq,Why do I say the difficult thing before anybody else does?
the-one-my-family-blames,faq,Did I choose this role?
the-one-my-family-blames,faq,What part of this did I actually choose?
the-one-my-family-blames,faq,Can I put the role down on my own?
the-one-my-family-blames,faq,Should I go no contact?
the-one-my-family-blames,faq,Should I confront them about it?
the-one-my-family-blames,faq,Should I try to explain the pattern to my family?
the-one-my-family-blames,faq,Do I have to forgive them?
the-one-my-family-blames,faq,Why am I already tense before I get out of the car?
the-one-my-family-blames,faq,Why does one visit cost me the whole week?
the-one-my-family-blames,faq,What if I really did do the thing they say I did?
the-one-my-family-blames,faq,What if it got worse after I moved away?
the-one-my-family-blames,faq,Is this the same as blaming myself for everything?
the-one-my-family-blames,faq,Is this the same as being the responsible one in the family?
the-one-my-family-blames,faq,How good is the research on family roles?
the-one-my-family-blames,faq,"Why is most of the evidence retrospective, and does that matter?"
the-one-my-family-blames,faq,When does this belong with a professional rather than a page like this?
the-one-my-family-blames,faq,What does the settled version actually look like?
the-one-my-family-blames,faq,How long does this take?
the-one-my-family-blames,faq,What is one thing to do before the next visit?
the-one-my-family-blames,h2,What Does This Look Like Across an Ordinary Visit?
the-one-my-family-blames,h2,"What Is the Name for This, and Where Does the Name Stop?"
the-one-my-family-blames,h2,When Does This Belong With Somebody Qualified Rather Than a Page Like This?
the-one-my-family-blames,h2,Why Does a Family Concentrate Blame Instead of Spreading It?
the-one-my-family-blames,h2,What Is the Difference Between a Role and a Trait?
the-one-my-family-blames,h2,Why Does the Same Story About You Keep Getting Told?
the-one-my-family-blames,h2,How Good Is the Evidence Behind Any of This?
the-one-my-family-blames,h2,Is There a Validated Checklist or Measure for Family Scapegoating?
the-one-my-family-blames,h2,Why Do Two People End Up in This Role for Completely Different Reasons?
the-one-my-family-blames,h2,What If Your Family Genuinely Does Run This Way?
the-one-my-family-blames,h2,What If You Are the One Who Says Things Out Loud?
the-one-my-family-blames,h2,What If the Role Came With a Function?
the-one-my-family-blames,h2,What If One Real Thing Became the Story?
the-one-my-family-blames,h2,What If What Is Being Punished Is That You Changed?
the-one-my-family-blames,h2,"Which of the Five Is Yours, and How Would You Know?"
the-one-my-family-blames,h2,Why Does Defending Yourself Never Work?
the-one-my-family-blames,h2,Where Does This Show Up When It Does Not Look Like Blame?
the-one-my-family-blames,h2,How Does Being the Blamed One Spill Over Into My Relationship With My Partner or My Behavior With My Boss?
the-one-my-family-blames,h2,What Does This Cost Across a Year?
the-one-my-family-blames,h2,Can You Put a Role Down If Nobody Else Agrees To?
the-one-my-family-blames,h2,What Does the Settled Version Look Like at an Ordinary Occasion?
the-one-my-family-blames,h2,"How Long Does This Take, Honestly?"
the-one-my-family-blames,h2,What Is Worth Doing Before the Next Occasion?
emotionally-unavailable,faq,What does emotionally unavailable actually mean?
emotionally-unavailable,faq,What are the signs someone is emotionally unavailable?
emotionally-unavailable,faq,Am I the emotionally unavailable one?
emotionally-unavailable,faq,Is emotionally unavailable the same as avoidant attachment?
emotionally-unavailable,faq,Why do emotionally unavailable people pull away after getting close?
emotionally-unavailable,faq,Can an emotionally unavailable person change?
emotionally-unavailable,faq,Can you make an emotionally unavailable partner open up?
emotionally-unavailable,faq,Why do I keep dating emotionally unavailable people?
emotionally-unavailable,faq,What is the difference between emotionally unavailable and just busy or private?
emotionally-unavailable,faq,Does emotionally unavailable mean someone does not love you?
emotionally-unavailable,faq,What does emotionally available actually look like day to day?
emotionally-unavailable,faq,When should this be worked on with a professional instead of alone?
emotionally-unavailable,faq,Is emotional unavailability a red flag?
emotionally-unavailable,faq,Why are emotionally unavailable men so attractive?
emotionally-unavailable,faq,Why do men in particular end up emotionally unavailable?
emotionally-unavailable,faq,Does emotional unavailability look different in women?
emotionally-unavailable,faq,What is it like to grow up with an emotionally unavailable parent?
emotionally-unavailable,faq,How do I deal with an emotionally unavailable mother or father now that I am an adult?
emotionally-unavailable,faq,My husband is emotionally unavailable. Do I have to leave?
emotionally-unavailable,faq,Why do emotionally unavailable people come back after they disappear?
emotionally-unavailable,faq,Do emotionally unavailable people regret losing you?
emotionally-unavailable,faq,Are emotionally unavailable people more likely to cheat?
emotionally-unavailable,faq,Are emotionally unavailable people narcissists?
emotionally-unavailable,faq,Is there a quiz that tells you how emotionally unavailable you are?
emotionally-unavailable,faq,What do emotionally unavailable people actually want?
emotionally-unavailable,faq,How does an emotionally unavailable person show love?
emotionally-unavailable,faq,Can an emotionally unavailable person hold a long relationship or a marriage?
emotionally-unavailable,faq,"What is the difference between emotionally unavailable, emotionally distant and emotionally detached?"
emotionally-unavailable,faq,Is emotionally unavailable the same as emotionally unstable?
emotionally-unavailable,faq,Does emotionally unavailable mean he is just not interested?
emotionally-unavailable,faq,Why do emotionally unavailable people date at all?
emotionally-unavailable,faq,Should I make myself emotionally unavailable so I stop getting hurt?
emotionally-unavailable,faq,Why did I become emotionally unavailable?
emotionally-unavailable,faq,How long does it take to become emotionally available?
emotionally-unavailable,h2,What Does Emotionally Unavailable Sound Like From the Inside?
emotionally-unavailable,h2,When Does This Belong With a Professional Rather Than a Page Like This?
emotionally-unavailable,h2,Where Does the Distance Actually Come From?
emotionally-unavailable,h2,Why Do I Pull Away Right After I Feel Close to Someone?
emotionally-unavailable,h2,Are You Sure That Is What You Are Looking At?
emotionally-unavailable,h2,How Can I Tell If I Am the Emotionally Unavailable One?
emotionally-unavailable,h2,Where Does It Hide When You Would Not Call It Unavailability?
emotionally-unavailable,h2,How Can I Tell Whether My Emotionally Distant Boss Is Guarded or Simply Professional?
emotionally-unavailable,h2,Why Do the Pursuer and the Distancer Keep Finding Each Other?
emotionally-unavailable,h2,What Does the Available End Actually Look Like?
emotionally-unavailable,h2,How Is Emotional Availability Measured in Research?
emotionally-unavailable,h2,How Do You Become More Available Without Blowing Anything Up?
emotionally-unavailable,h2,Can You Make Somebody Else Available?
emotionally-unavailable,h2,"How Long Does This Take, Honestly?"
emotionally-unavailable,h2,"What Is One Thing to Do Today, Before You Decide Anything About the Relationship?"
thinking-about-my-partners-past,faq,Why do I keep asking my partner about their exes?
thinking-about-my-partners-past,faq,What is retroactive jealousy?
thinking-about-my-partners-past,faq,Is retroactive jealousy a real condition?
thinking-about-my-partners-past,faq,Where did the term retroactive jealousy come from?
thinking-about-my-partners-past,faq,Is this actually jealousy?
thinking-about-my-partners-past,faq,Is it normal to be curious about a partner's past?
thinking-about-my-partners-past,faq,Why does the answer never seem to help?
thinking-about-my-partners-past,faq,Why do I want more detail when detail always makes it worse?
thinking-about-my-partners-past,faq,Why does knowing it is irrational change nothing?
thinking-about-my-partners-past,faq,"Am I comparing myself to their ex, or am I jealous of them?"
thinking-about-my-partners-past,faq,Why do I care about somebody I have never met?
thinking-about-my-partners-past,faq,Why is it worse when the relationship is going well?
thinking-about-my-partners-past,faq,Does my partner have to answer my questions about their past?
thinking-about-my-partners-past,faq,Why do I ask a question I can already predict the answer to?
thinking-about-my-partners-past,faq,"Is it my fault for asking, or their fault for having a past?"
thinking-about-my-partners-past,faq,Why do I go looking for their ex online?
thinking-about-my-partners-past,faq,Should I just stop asking?
thinking-about-my-partners-past,faq,Is there any question about a partner's past worth asking?
thinking-about-my-partners-past,faq,Why does this get worse at night?
thinking-about-my-partners-past,faq,Why do people online attach a clinical word to this?
thinking-about-my-partners-past,faq,How long does this take to settle?
thinking-about-my-partners-past,faq,Does the pattern follow me into the next relationship?
thinking-about-my-partners-past,faq,Why do I feel worse after they answer kindly than after they get defensive?
thinking-about-my-partners-past,faq,Is this a sign we are wrong for each other?
thinking-about-my-partners-past,faq,Why can I accept their past intellectually and still not feel it?
thinking-about-my-partners-past,faq,Does talking about it more make it better or worse?
thinking-about-my-partners-past,faq,Why do I picture things I was never told?
thinking-about-my-partners-past,faq,Is this the same thing as not trusting my partner?
thinking-about-my-partners-past,faq,What actually moves this?
thinking-about-my-partners-past,faq,When does this belong with a professional rather than a page like this?
thinking-about-my-partners-past,h2,What Does This Actually Sound Like From the Inside?
thinking-about-my-partners-past,h2,"What Is the Name for This, and How Much Weight Can the Name Carry?"
thinking-about-my-partners-past,h2,When Does This Belong With Somebody Qualified Rather Than a Page Like This?
thinking-about-my-partners-past,h2,Is This Jealousy at All?
thinking-about-my-partners-past,h2,"What Does the Research Actually Have, If the Label Has Nothing?"
thinking-about-my-partners-past,h2,Why Does an Honest Answer Buy So Little?
thinking-about-my-partners-past,h2,"Which Part of This Is Arriving On Its Own, and Which Part Are You Choosing?"
thinking-about-my-partners-past,h2,Why Do Two People Ask the Same Question for Completely Different Reasons?
thinking-about-my-partners-past,h2,What If This Is Ordinary Curiosity in a New Relationship?
thinking-about-my-partners-past,h2,What If the Real Question Is Whether You Measure Up?
thinking-about-my-partners-past,h2,What If the Detail Is What Keeps It Running?
thinking-about-my-partners-past,h2,What If This Is About What You Think Your Partner Values?
thinking-about-my-partners-past,h2,What If Somebody's Earlier Life Once Turned Out to Matter Enormously?
thinking-about-my-partners-past,h2,"Which of the Five Is Yours, and How Would You Know?"
thinking-about-my-partners-past,h2,Why Can This Get Worse When My Relationship Is Going Well?
thinking-about-my-partners-past,h2,Is There Any Version of This Question Worth Asking Out Loud?
thinking-about-my-partners-past,h2,Where Does This Sit Next to the Things It Gets Confused With?
thinking-about-my-partners-past,h2,Does Thinking About Their Ex Mean I Do Not Trust My Partner?
thinking-about-my-partners-past,h2,Why Does Deciding to Stop Asking Fail Every Time?
thinking-about-my-partners-past,h2,"What Does This Cost, and Who Is Actually Paying?"
thinking-about-my-partners-past,h2,What Actually Moves This?
thinking-about-my-partners-past,h2,What Does the Settled Version Look Like on an Ordinary Sunday?
thinking-about-my-partners-past,h2,"How Long Does This Take, Honestly?"
thinking-about-my-partners-past,h2,"What Is Worth Doing This Week, Before You Ask Anything Else?"
warmest-to-the-people-i-like-least,faq,Why am I nicest to the people I like least?
warmest-to-the-people-i-like-least,faq,Does this mean I secretly like the person?
warmest-to-the-people-i-like-least,faq,What is reaction formation?
warmest-to-the-people-i-like-least,faq,Is reaction formation a real thing?
warmest-to-the-people-i-like-least,faq,Does being warm to someone I dislike make me a hypocrite?
warmest-to-the-people-i-like-least,faq,Why is the warm message to someone I dislike longer than the one to my friend?
warmest-to-the-people-i-like-least,faq,What is emotional dissonance?
warmest-to-the-people-i-like-least,faq,Why can I not just be neutral with this person?
warmest-to-the-people-i-like-least,faq,Is the warmth a lie?
warmest-to-the-people-i-like-least,faq,Why do people tell me that person and I seem close?
warmest-to-the-people-i-like-least,faq,Why do I defend them in public and complain about them in private?
warmest-to-the-people-i-like-least,faq,Is this the same as people pleasing?
warmest-to-the-people-i-like-least,faq,What is response amplification?
warmest-to-the-people-i-like-least,faq,Why does my voice change around them?
warmest-to-the-people-i-like-least,faq,Is being pleasant to people I do not like a character flaw?
warmest-to-the-people-i-like-least,faq,How do I tell ordinary politeness from this pattern?
warmest-to-the-people-i-like-least,faq,Why do I overdo the congratulations?
warmest-to-the-people-i-like-least,faq,Is the warmth protecting me from them?
warmest-to-the-people-i-like-least,faq,Why do I feel guilty about disliking them?
warmest-to-the-people-i-like-least,faq,Should I just be honest with the person?
warmest-to-the-people-i-like-least,faq,Should I see less of them?
warmest-to-the-people-i-like-least,faq,What is the difference between the register and the account?
warmest-to-the-people-i-like-least,faq,Why does being told to be authentic make this worse?
warmest-to-the-people-i-like-least,faq,Is this the same as being two-faced?
warmest-to-the-people-i-like-least,faq,Does this happen with family?
warmest-to-the-people-i-like-least,faq,Why do I feel flat after being warm to them?
warmest-to-the-people-i-like-least,faq,Does this mean I am dishonest with myself?
warmest-to-the-people-i-like-least,faq,What if they actually did something to me?
warmest-to-the-people-i-like-least,faq,Is envy underneath this?
warmest-to-the-people-i-like-least,faq,Could this mean they have a quality I do not want to see in myself?
warmest-to-the-people-i-like-least,faq,What is worth doing about this week?
warmest-to-the-people-i-like-least,faq,How long does this take to change?
warmest-to-the-people-i-like-least,h2,What Does This Actually Look Like Across an Ordinary Week?
warmest-to-the-people-i-like-least,h2,Why Is the Warm Version Always the Bigger One?
warmest-to-the-people-i-like-least,h2,"What Do Researchers Call This, and How Much of the Name Is Real?"
warmest-to-the-people-i-like-least,h2,When Does This Belong With Somebody Qualified Rather Than a Page Like This?
warmest-to-the-people-i-like-least,h2,Are You a Hypocrite for Doing This?
warmest-to-the-people-i-like-least,h2,What Is the Difference Between the Register and the Account?
warmest-to-the-people-i-like-least,h2,Why Do Two People Produce the Identical Warm Message for Completely Different Reasons?
warmest-to-the-people-i-like-least,h2,What If This Is Simply Ordinary Social Lubrication?
warmest-to-the-people-i-like-least,h2,What If There Is No Permitted Neutral?
warmest-to-the-people-i-like-least,h2,What If the Warmth Is Insurance?
warmest-to-the-people-i-like-least,h2,What If the Performance Is Aimed at Your Own Conscience?
warmest-to-the-people-i-like-least,h2,What If You Recognize Something in Them?
warmest-to-the-people-i-like-least,h2,"Which of the Five Is Yours, Judging Only by What You Already Know?"
warmest-to-the-people-i-like-least,h2,Why Is This Strongest Around Family Members I Dislike?
warmest-to-the-people-i-like-least,h2,Where Does This Hide When It Does Not Look Like Being Nice?
warmest-to-the-people-i-like-least,h2,What Does the Other Person Actually Receive?
warmest-to-the-people-i-like-least,h2,"Is This the Same as Agreeing When You Disagree, or Talking About Someone Afterward?"
warmest-to-the-people-i-like-least,h2,Why Do I Feel Drained After Being Pleasant to Someone I Dislike?
warmest-to-the-people-i-like-least,h2,"What Has This Already Cost, and Who Pays It?"
warmest-to-the-people-i-like-least,h2,Why Does Cutting Contact Not Solve Anything Here?
warmest-to-the-people-i-like-least,h2,Are You Sure That Is What You Are Looking At?
warmest-to-the-people-i-like-least,h2,What Actually Moves This?
warmest-to-the-people-i-like-least,h2,How Can I Reduce the Over-the-Top Warmth Without Suddenly Becoming Cold?
warmest-to-the-people-i-like-least,h2,What Does the Resolved Version Look Like on an Ordinary Thursday?
warmest-to-the-people-i-like-least,h2,"How Long Does This Take, Honestly?"
warmest-to-the-people-i-like-least,h2,How Has Exaggerated Warmth Toward Disliked People Been Studied or Measured?
warmest-to-the-people-i-like-least,h2,Where Does This Thinking Come From?
warmest-to-the-people-i-like-least,h2,What Is Worth Doing This Week?
cynicism,faq,Is being cynical the same thing as being smart?
cynicism,faq,Can cynicism actually be a survival response?
cynicism,faq,What is the actual difference between cynicism and being cautious?
cynicism,faq,Why do I assume kindness has a catch?
cynicism,faq,How do I stop assuming everyone wants something from me?
cynicism,faq,Is it normal to feel disappointed in people before they have done anything?
cynicism,faq,Why do I not believe people can really change?
cynicism,faq,Why do I distrust institutions and authority figures so much?
cynicism,faq,Why do I trust strangers more easily than people close to me?
cynicism,faq,Why do I feel embarrassed when I catch myself hoping for something good?
cynicism,faq,Why do I feel like a fool whenever I let myself believe in something good?
cynicism,faq,"Is cynicism something that happened to me, or just who I am?"
cynicism,faq,Can you be hopeful without being naive?
cynicism,faq,Why do I secretly want somebody to prove me wrong but never expect it?
cynicism,faq,Is my cynicism pushing people away without me realizing it?
cynicism,faq,Could I be passing this on to my children or the people close to me?
cynicism,faq,Can therapy or other structured work actually change how cynical somebody is?
cynicism,faq,What causes a person to become cynical?
cynicism,faq,How do I stop being so cynical?
cynicism,faq,What is cynicism a symptom of?
cynicism,faq,Can a cynical person be happy?
cynicism,faq,What is the difference between cynicism and pessimism?
cynicism,faq,Is cynicism a mental illness?
cynicism,faq,Can depression cause cynicism?
cynicism,faq,Does cynicism get worse with age?
cynicism,faq,Is this the same as the ancient Greek philosophy of Cynicism?
cynicism,faq,Is the cynicism people talk about in burnout the same thing?
cynicism,faq,Is there anything good about being cynical?
cynicism,faq,What are the everyday signs of cynicism?
cynicism,faq,Why do I feel a flicker of superiority when something goes wrong the way I predicted?
cynicism,faq,Is my cynicism actually protecting me from something real?
cynicism,faq,Is it possible to be too realistic?
cynicism,h2,What Does Cynicism Sound Like From the Inside?
cynicism,h2,When Does This Belong With a Professional Rather Than a Page Like This?
cynicism,h2,Where Does Cynicism Actually Come From?
cynicism,h2,What Is the Cynicism Actually Protecting?
cynicism,h2,"Is It Cynicism, or Is It Just Realism?"
cynicism,h2,"Is This Cynicism, or One of Its Neighbors?"
cynicism,h2,Is There a Validated Scale That Measures Cynicism?
cynicism,h2,Where Does It Show Up When You Would Not Call It Cynicism?
cynicism,h2,Why Do I Distrust My Workplace's Mission and My Boss's Motives?
cynicism,h2,Why Do I Assume Every Kind Gesture Has a Hidden Motive?
cynicism,h2,Why Does Other People's Good News Land Badly?
cynicism,h2,Why Is Sarcasm the Only Register Left for Anything Real?
cynicism,h2,Why Does Being Right Feel Better Than Being Treated Well?
cynicism,h2,Is Cynicism Pushing My Partner and Friends Away?
cynicism,h2,What Does Hopeful Realism Actually Look Like?
cynicism,h2,What Actually Moves It?
cynicism,h2,"What If People Really Are Like That, Though?"
cynicism,h2,How Long Does This Honestly Take?
cynicism,h2,"What Is One Thing to Do Today, Before You Try to Trust Anybody More?"
how-i-end-up-apologizing,faq,Why does every conversation I start about a problem end with me apologizing?
how-i-end-up-apologizing,faq,What is DARVO?
how-i-end-up-apologizing,faq,Is DARVO a diagnosis?
how-i-end-up-apologizing,faq,How good is the evidence behind DARVO?
how-i-end-up-apologizing,faq,Is someone defending themselves automatically doing DARVO?
how-i-end-up-apologizing,faq,How do I tell a reversal from a conversation that just went badly?
how-i-end-up-apologizing,faq,Why do I apologize when I was the one who was hurt?
how-i-end-up-apologizing,faq,Why can I never find the exact moment it turned?
how-i-end-up-apologizing,faq,What if both of us arrived with a grievance?
how-i-end-up-apologizing,faq,Does the way I open it change what comes back?
how-i-end-up-apologizing,faq,Is it my fault if the way I raised it caused the defense?
how-i-end-up-apologizing,faq,What if the other person really is doing this to me?
how-i-end-up-apologizing,faq,Should I tell someone they are doing DARVO?
how-i-end-up-apologizing,faq,Why does the original thing never get discussed?
how-i-end-up-apologizing,faq,Why do I keep replaying it for days afterward?
how-i-end-up-apologizing,faq,Is this the same as gaslighting?
how-i-end-up-apologizing,faq,Is this the same as emotional invalidation?
how-i-end-up-apologizing,faq,Why does it only happen with certain people?
how-i-end-up-apologizing,faq,Does everybody do some version of this?
how-i-end-up-apologizing,faq,Why does being agreed with by a friend afterward not help?
how-i-end-up-apologizing,faq,What if I actually was too harsh?
how-i-end-up-apologizing,faq,Why does deciding to hold my ground next time not work?
how-i-end-up-apologizing,faq,How do I know if I am the one running this sequence?
how-i-end-up-apologizing,faq,Why is naming the pattern so appealing?
how-i-end-up-apologizing,faq,Does this mean my relationship is unsafe?
how-i-end-up-apologizing,faq,What should I do the day after?
how-i-end-up-apologizing,faq,Should I go back and reopen it?
how-i-end-up-apologizing,faq,Can this happen at work?
how-i-end-up-apologizing,faq,Why do I feel worse after apologizing than before?
how-i-end-up-apologizing,faq,How long does this take to change?
how-i-end-up-apologizing,faq,What if I cannot tell which of the five is mine?
how-i-end-up-apologizing,h2,"What Does the Turn Actually Look Like, Minute by Minute?"
how-i-end-up-apologizing,h2,"How Strong Is the Research Behind DARVO, and Is There a Validated Measure?"
how-i-end-up-apologizing,h2,When Does This Belong With Somebody Qualified Rather Than a Page Like This?
how-i-end-up-apologizing,h2,How Do You Tell the Reversal From a Conversation That Simply Went Badly?
how-i-end-up-apologizing,h2,Why Does a Conversation With Two Subjects Always Resolve Toward the Louder One?
how-i-end-up-apologizing,h2,Why Do Two People Leave the Same Conversation Apologizing for Completely Different Reasons?
how-i-end-up-apologizing,h2,What If They Really Are Running the Sequence?
how-i-end-up-apologizing,h2,What If You Both Arrived With Something to Raise?
how-i-end-up-apologizing,h2,What If the Way You Opened It Invited the Defense?
how-i-end-up-apologizing,h2,What If You Conceded Because the Conflict Itself Was Unbearable?
how-i-end-up-apologizing,h2,What If Your Account Has Rarely Survived Contact?
how-i-end-up-apologizing,h2,"Which of the Five Is Yours, and How Would You Know?"
how-i-end-up-apologizing,h2,Why Can You Never Locate the Exact Moment It Turned?
how-i-end-up-apologizing,h2,Where Does This Hide When It Does Not Look Like Apologizing?
how-i-end-up-apologizing,h2,Can the Same Reversal Happen in a Meeting With My Boss?
how-i-end-up-apologizing,h2,What Does This Cost Over a Year?
how-i-end-up-apologizing,h2,Why Does Naming the Term Out Loud Make the Conversation Worse?
how-i-end-up-apologizing,h2,Which Part of This Did You Actually Choose?
how-i-end-up-apologizing,h2,What Does the Settled Version Look Like on an Ordinary Week?
how-i-end-up-apologizing,h2,"How Long Does This Take, Honestly?"
how-i-end-up-apologizing,h2,"What Is Worth Doing Tomorrow, About the Thing That Never Got Discussed?"
how-to-set-boundaries,faq,Why do I feel like a terrible person the second I say no to someone?
how-to-set-boundaries,faq,Why does my chest tighten before I have even finished saying the boundary out loud?
how-to-set-boundaries,faq,Is it normal to rehearse a boundary for days and then never actually say it?
how-to-set-boundaries,faq,Why do I apologize immediately after setting a limit that was completely reasonable?
how-to-set-boundaries,faq,Is setting a boundary the same thing as being controlling?
how-to-set-boundaries,faq,My mother goes silent when I say no to something. Does that mean I hurt her?
how-to-set-boundaries,faq,Why does the person I set a boundary with seem to get worse before they get better?
how-to-set-boundaries,faq,What if setting a boundary actually does end the relationship?
how-to-set-boundaries,faq,Is it normal to feel relief right after setting a boundary and then panic the next day?
how-to-set-boundaries,faq,How do I stop checking my phone to see if they are angry after I set a limit?
how-to-set-boundaries,faq,Why did I promise myself I would say no this time and then say yes anyway?
how-to-set-boundaries,faq,Is cutting someone off a form of setting a boundary?
how-to-set-boundaries,faq,Why do boundaries with strangers feel easy and boundaries with family feel impossible?
how-to-set-boundaries,faq,What do I do when someone calls me selfish for setting a limit?
how-to-set-boundaries,faq,Is it normal to grieve after finally setting a boundary that should feel good?
how-to-set-boundaries,faq,Why do I only feel able to set boundaries in writing and never out loud?
how-to-set-boundaries,faq,Is it too late to set boundaries with a parent I have never said no to?
how-to-set-boundaries,faq,What do you do when you cannot set boundaries at all?
how-to-set-boundaries,faq,How do you put up boundaries in a relationship you are already in?
how-to-set-boundaries,faq,My partner keeps crossing my boundaries. What should I do?
how-to-set-boundaries,faq,What does a healthy versus unhealthy response to a boundary look like?
how-to-set-boundaries,faq,How do you set boundaries with someone you would describe as a narcissist?
how-to-set-boundaries,faq,How do you set boundaries with someone in active addiction or unstable behavior?
how-to-set-boundaries,faq,How do you set boundaries with parents as an adult?
how-to-set-boundaries,faq,How do you set boundaries with in-laws?
how-to-set-boundaries,faq,How do you set boundaries with family over the holidays?
how-to-set-boundaries,faq,How do you set boundaries at work without damaging your career?
how-to-set-boundaries,faq,What does it mean to set boundaries with yourself?
how-to-set-boundaries,faq,How do you set a boundary without being rude?
how-to-set-boundaries,faq,How do you set boundaries without guilt?
how-to-set-boundaries,faq,How do you set a boundary and actually stick to it?
how-to-set-boundaries,faq,"Why do I offer a smaller version of what I just said no to, five minutes later?"
how-to-set-boundaries,faq,Why do I over-explain every no with three extra sentences?
how-to-set-boundaries,faq,How do I know if I am setting a boundary or punishing someone?
how-to-set-boundaries,faq,Is it selfish to prioritize my own plans over a parent's disappointment?
how-to-set-boundaries,faq,Why do I feel like I owe people an explanation for protecting my own time?
how-to-set-boundaries,h2,Why Does a Reasonable Boundary Feel Like Cruelty?
how-to-set-boundaries,h2,What Does This Sound Like From the Inside?
how-to-set-boundaries,h2,When Does This Belong With a Professional Rather Than a Page Like This?
how-to-set-boundaries,h2,Why Do the Scripts Not Work?
how-to-set-boundaries,h2,What Actually Happens in the Ninety Seconds After You Say It?
how-to-set-boundaries,h2,Which Kind of Boundary Are You Actually Trying to Set?
how-to-set-boundaries,h2,"What Do You Actually Say, Word for Word?"
how-to-set-boundaries,h2,How Can I Tell My Boss I Cannot Take On More Work Without Hurting My Career?
how-to-set-boundaries,h2,Where Did the Alarm Get Installed?
how-to-set-boundaries,h2,"What Is Assertiveness, and Why Has Training It Never Quite Worked?"
how-to-set-boundaries,h2,"Where Did Assertiveness Training Come From, and How Is Its Success Measured?"
how-to-set-boundaries,h2,Is It a Boundary or a Wall?
how-to-set-boundaries,h2,Is the Guilt Telling You Anything?
how-to-set-boundaries,h2,Whose Job Is Their Reaction?
how-to-set-boundaries,h2,Why Does My Mother's Silence After I Say No Feel Like Proof I Harmed Her?
how-to-set-boundaries,h2,Where Does the Walkback Show Up in an Ordinary Week?
how-to-set-boundaries,h2,"What Is the Difference Between a Boundary, a Wall, and Controlling Someone?"
how-to-set-boundaries,h2,Which Relationship Should You Practice On First?
how-to-set-boundaries,h2,How Do I Set a Boundary Without Losing the Relationship?
how-to-set-boundaries,h2,How Do You Build the Tolerance Without Blowing Anything Up?
how-to-set-boundaries,h2,What If They Genuinely Do Not Respect It?
how-to-set-boundaries,h2,"How Long Does This Take, Honestly?"
how-to-set-boundaries,h2,"What Is One Thing to Do Today, Before You Say Anything to Anyone?"
