rank,slug,driving_core,core_volume,position,domain,domain_rating,title,url
1,not-trusting-my-own-memory,gaslighting,232000,,,,,
2,the-explanation-i-give-myself,cognitive dissonance,219000,,,,,
3,cant-stop-thinking-about-someone,limerence,218000,,,,,
4,avoidant-attachment,avoidant attachment,90000,2,www.attachmentproject.com,74,Avoidant Attachment Style: Causes and Adult Symptoms,https://www.attachmentproject.com/blog/avoidant-attachment-style/
4,avoidant-attachment,avoidant attachment,90000,4,www.reddit.com,95,WHAT IS AVOIDANT ATTACHMENT?,https://www.reddit.com/r/emotionalintelligence/comments/1mgg78d/what_is_avoidant_attachment/
4,avoidant-attachment,avoidant attachment,90000,6,www.lukincenter.com,46,Anxious vs. Avoidant Attachment: Signs & Differences,https://www.lukincenter.com/anxious-vs-avoidant-attachment/
4,avoidant-attachment,avoidant attachment,90000,7,www.psychologytoday.com,93,Avoidant Attachment: Why Closeness Feels Threatening,https://www.psychologytoday.com/us/blog/its-never-about-sex/202602/avoidant-attachment-why-closeness-feels-threatening
4,avoidant-attachment,avoidant attachment,90000,8,www.webmd.com,92,"Avoidant Attachment: Definition, Signs, Causes & Treatment",https://www.webmd.com/parenting/what-is-avoidant-attachment
4,avoidant-attachment,avoidant attachment,90000,9,university.personaldevelopmentschool.com,56,Dismissive Avoidant Attachment Style,https://university.personaldevelopmentschool.com/pages/the-da
4,avoidant-attachment,avoidant attachment,90000,10,www.youtube.com,99,Avoidant Attachment 101,https://www.youtube.com/watch?v=KqJ7SGxw4j0
5,coming-on-too-strong,love bombing,94000,,,,,
6,doomscrolling,doomscrolling,37000,,,,,
7,daydreaming,maladaptive daydreaming,82000,,,,,
8,relationships-that-never-become-relationships,situationship,82000,2,en.wikipedia.org,97,Situationship,https://en.wikipedia.org/wiki/Situationship
8,relationships-that-never-become-relationships,situationship,82000,4,empathi.com,43,"What Is a Situationship? Signs, Why It Hurts, When to Walk",https://empathi.com/blog/what-is-a-situationship/
8,relationships-that-never-become-relationships,situationship,82000,5,www.verywellmind.com,90,Situationship: How to Cope When Commitment is Unclear,https://www.verywellmind.com/what-is-a-situationship-5216144
8,relationships-that-never-become-relationships,situationship,82000,6,www.attachmentproject.com,74,Situationships: Why You're Stuck and How to Break Free,https://www.attachmentproject.com/love/situationships/
8,relationships-that-never-become-relationships,situationship,82000,7,www.reddit.com,95,What exactly IS a situationship : r/datingoverfifty,https://www.reddit.com/r/datingoverfifty/comments/18kfmkl/what_exactly_is_a_situationship/
8,relationships-that-never-become-relationships,situationship,82000,8,dictionary.cambridge.org,92,SITUATIONSHIP definition | Cambridge English Dictionary,https://dictionary.cambridge.org/us/dictionary/english/situationship
8,relationships-that-never-become-relationships,situationship,82000,10,www.calm.com,87,What is a situationship? Meaning and signs you're in one,https://www.calm.com/blog/what-is-a-situationship
8,relationships-that-never-become-relationships,situationship,82000,11,www.urbandictionary.com,88,Situationship,https://www.urbandictionary.com/define.php?term=Situationship
8,relationships-that-never-become-relationships,situationship,82000,12,www.purewow.com,81,What Is a Situationship? A Psychologist Explains,https://www.purewow.com/wellness/what-is-a-situationship
8,relationships-that-never-become-relationships,situationship,82000,13,cookcounselingandconsulting.com,28,Situationship Meaning: What is It?,https://cookcounselingandconsulting.com/what-is-a-situationship/
9,anxious-attachment-style,anxious attachment style,76000,2,www.attachmentproject.com,74,Anxious Attachment Style Guide: Causes & Symptoms,https://www.attachmentproject.com/blog/anxious-attachment/
9,anxious-attachment-style,anxious attachment style,76000,4,health.clevelandclinic.org,92,What Is Anxious Attachment Style — and Do You Have It?,https://health.clevelandclinic.org/anxious-attachment-style
9,anxious-attachment-style,anxious attachment style,76000,6,nehs.transformationsnetwork.com,39,Anxious Attachment Style | Mental Health | New England,https://nehs.transformationsnetwork.com/insights/what-is-anxious-attachment-style/
9,anxious-attachment-style,anxious attachment style,76000,7,therapistsincharlotte.com,26,Understanding Anxious Attachment Style: Signs and ...,https://therapistsincharlotte.com/therapists-charlotte-blog/understanding-anxious-attachment-style-signs-challenges-and-growth/
9,anxious-attachment-style,anxious attachment style,76000,8,www.lukincenter.com,46,Anxious vs. Avoidant Attachment: Signs & Differences,https://www.lukincenter.com/anxious-vs-avoidant-attachment/
9,anxious-attachment-style,anxious attachment style,76000,9,www.monimawellness.com,30,Healing an Anxious Attachment Style,https://www.monimawellness.com/how-to-heal-an-anxious-attachment-style/
9,anxious-attachment-style,anxious attachment style,76000,10,www.simplypsychology.org,85,Anxious Attachment Style,https://www.simplypsychology.org/anxious-attachment-style.html
9,anxious-attachment-style,anxious attachment style,76000,11,www.reddit.com,95,For people with an anxious / preoccupied attachment style,https://www.reddit.com/r/emotionalintelligence/comments/1r3savu/for_people_with_an_anxious_preoccupied_attachment/
9,anxious-attachment-style,anxious attachment style,76000,12,therapygroupdc.com,52,"Anxious Attachment 101: What It Is, How It Shows Up, ...",https://therapygroupdc.com/therapist-dc-blog/anxious-attachment-101-what-it-is-how-it-shows-up-and-how-to-get-anxious-attachment-help/
9,anxious-attachment-style,anxious attachment style,76000,13,www.helpguide.org,87,Attachment Styles and How They Affect Adult Relationships,https://www.helpguide.org/relationships/social-connection/attachment-and-adult-relationships
10,falling-for-the-idea-of-a-person,hopeless romantic,29000,,,,,
11,the-lesser-person-in-the-room,inferiority complex,24000,,,,,
12,breadcrumbing,breadcrumbing,21000,,,,,
13,everyone-else-is-a-supporting-character,main character syndrome,21000,,,,,
14,the-one-my-family-blames,scapegoat,51000,2,en.wikipedia.org,97,Scapegoat,https://en.wikipedia.org/wiki/Scapegoat
14,the-one-my-family-blames,scapegoat,51000,4,www.merriam-webster.com,91,SCAPEGOAT Definition & Meaning,https://www.merriam-webster.com/dictionary/scapegoat
14,the-one-my-family-blames,scapegoat,51000,5,www.verywellmind.com,90,What Does It Mean to Be the Family Scapegoat?,https://www.verywellmind.com/what-does-it-mean-to-be-the-family-scapegoat-5187038
14,the-one-my-family-blames,scapegoat,51000,6,www.ebsco.com,87,Scapegoat | Sports and Leisure | Research Starters,https://www.ebsco.com/research-starters/sports-and-leisure/scapegoat
14,the-one-my-family-blames,scapegoat,51000,8,emmaplunkett.art,10,How to stop being a scapegoat,https://emmaplunkett.art/art-blog/scapegoat/
14,the-one-my-family-blames,scapegoat,51000,9,sydneyjewishmuseum.com.au,54,The origins of the 'scapegoat' | Jewish History & Culture,https://sydneyjewishmuseum.com.au/jewish-culture/the-origins-of-the-scapegoat/
14,the-one-my-family-blames,scapegoat,51000,10,www.worldhappiness.foundation,51,Scapegoating: What It Is and Why We Blame Others in ...,https://www.worldhappiness.foundation/en/blog/the-scapegoat-phenomenon-understanding-the-human-drive-to-find-someone-to-blame-in-times-of-crisis
14,the-one-my-family-blames,scapegoat,51000,11,www.reddit.com,95,Why would someone make you the scapegoat,https://www.reddit.com/r/EstrangedAdultChild/comments/17k6zmd/why_would_someone_make_you_the_scapegoat_whats/
14,the-one-my-family-blames,scapegoat,51000,12,tealswan.com,58,How To Stop Being A Scapegoat and Being Scapegoated,https://tealswan.com/resources/articles/how-to-stop-being-a-scapegoat-and-being-scapegoated-r362/
14,the-one-my-family-blames,scapegoat,51000,13,medium.com,94,What is a Scapegoat?,https://medium.com/@mikdvs3/what-is-a-scapegoat-2055aaa7753e
15,emotionally-unavailable,emotionally unavailable,20000,1,www.psychologytoday.com,93,Why Some People Keep Ending Up With Emotionally ...,https://www.psychologytoday.com/gb/blog/social-instincts/202508/why-you-keep-falling-for-emotionally-unavailable-people
15,emotionally-unavailable,emotionally unavailable,20000,3,www.reddit.com,95,Ladies who had emotionally unavailable parents: How did ...,https://www.reddit.com/r/AskWomen/comments/70pkuh/ladies_who_had_emotionally_unavailable_parents/
15,emotionally-unavailable,emotionally unavailable,20000,4,blackhealthmatters.com,60,Signs You're Dating an Emotionally Unavailable Man,https://blackhealthmatters.com/signs-youre-dating-an-emotionally-unavailable-man/
15,emotionally-unavailable,emotionally unavailable,20000,5,www.facebook.com,100,Emotional unavailability as a form of self-protection,https://www.facebook.com/groups/253114598436138/posts/2490934551320787/
15,emotionally-unavailable,emotionally unavailable,20000,6,www.quora.com,92,I am in love with an emotionally unavailable guy who wants ...,https://www.quora.com/I-am-in-love-with-an-emotionally-unavailable-guy-who-wants-to-have-a-physical-relationship-with-me-I-know-he-will-never-love-me-still-I-cant-seem-to-forget-him-What-should-I-truly-do
15,emotionally-unavailable,emotionally unavailable,20000,7,www.youtube.com,99,Is He Emotionally Unavailable? Here's How To Tell...,https://www.youtube.com/watch?v=44nvPtjpPls
15,emotionally-unavailable,emotionally unavailable,20000,8,tinybuddha.com,77,Emotionally Unavailable or is there hope?,https://tinybuddha.com/topic/emotionally-unavailable-or-is-there-hope/page/5/
15,emotionally-unavailable,emotionally unavailable,20000,9,kh.megawecare.com,55,Is Your Partner an Emotionally Unavailable? - Mega We care,https://kh.megawecare.com/good-health-by-yourself/wellbeing/partner-emotionally-unavailable
15,emotionally-unavailable,emotionally unavailable,20000,10,natashaadamo.com,22,Am I Emotionally Unavailable? Take This 20-Question Self- ...,https://natashaadamo.com/am-i-emotionally-unavailable/
15,emotionally-unavailable,emotionally unavailable,20000,11,www.quora.com,92,What exactly does 'emotionally unavailable' mean?,https://www.quora.com/What-exactly-does-emotionally-unavailable-mean
16,thinking-about-my-partners-past,retroactive jealousy,16000,,,,,
17,warmest-to-the-people-i-like-least,reaction formation,16000,,,,,
18,cynicism,cynicism,31000,2,en.wikipedia.org,97,Cynicism (philosophy),https://en.wikipedia.org/wiki/Cynicism_(philosophy)
18,cynicism,cynicism,31000,5,www.ebsco.com,87,Cynicism | Social Sciences and Humanities,https://www.ebsco.com/research-starters/social-sciences-and-humanities/cynicism
18,cynicism,cynicism,31000,6,www.merriam-webster.com,91,CYNICISM Definition & Meaning,https://www.merriam-webster.com/dictionary/cynicism
18,cynicism,cynicism,31000,7,www.reddit.com,95,What does cynicism actually mean? : r/askphilosophy,https://www.reddit.com/r/askphilosophy/comments/rbldzo/what_does_cynicism_actually_mean/
18,cynicism,cynicism,31000,8,iep.utm.edu,81,Cynics | Internet Encyclopedia of Philosophy,https://iep.utm.edu/cynics/
18,cynicism,cynicism,31000,9,thewireboard.rewireinc.com,23,Know Any Cynical People? Here's the Root of Their Cynicism,https://thewireboard.rewireinc.com/resources/blog/know-cynical-people-heres-root-cynicism
18,cynicism,cynicism,31000,10,st.network,22,What is cynicism and how to change a cynic's mind,https://st.network/analysis/top/how-to-change-a-cynics-mind.html
18,cynicism,cynicism,31000,11,st.network,22,What is cynicism and how to change a cynic's mind,https://st.network/analysis/top/how-to-change-a-cynics-mind.html
18,cynicism,cynicism,31000,12,1000wordphilosophy.com,52,Ancient Cynicism: Rejecting Civilization and Returning to ...,https://1000wordphilosophy.com/2023/07/26/cynicism/
18,cynicism,cynicism,31000,13,en.wikipedia.org,97,Cynicism (contemporary),https://en.wikipedia.org/wiki/Cynicism_(contemporary)
19,how-i-end-up-apologizing,darvo,76000,,,,,
20,how-to-set-boundaries,assertiveness,9600,,,,,
